case,group,work_id,direction,method,score,stego,ordinary,exact_recovery,failed_transmission,trace_id,matched_sha256,matched_artifact
HI1-prompt1-fixed,HI1-prompt1,ae6e65170306d591b899cedb399d17f13ef5fb94be1d45601a64eae5147049f9,image-to-text,fixed,surprisal_bits_mean,5.480008864757653,2.3399917695142936,True,False,control-HI1-prompt1,6510107f072fc61903e49c30ee7014223213f7be3049d615ef8ae1aabb1182a8,controls/control-HI1-prompt1/prefix-616.txt
HI1-prompt1-fixed,HI1-prompt1,ae6e65170306d591b899cedb399d17f13ef5fb94be1d45601a64eae5147049f9,image-to-text,fixed,log_rank_mean,2.7287168343761135,1.213477482382091,True,False,control-HI1-prompt1,6510107f072fc61903e49c30ee7014223213f7be3049d615ef8ae1aabb1182a8,controls/control-HI1-prompt1/prefix-616.txt
HI1-prompt1-gated,HI1-prompt1,4fa82e155efd87cd9cff3d4c7223b8ef037b61b718b8b20f320d582100071627,image-to-text,gated,surprisal_bits_mean,5.154161386904963,2.528392776781271,True,False,control-HI1-prompt1,68e6720d2c19280adf45b2e395378a860d71f5179cabe9b3e756092a2c2d101c,controls/control-HI1-prompt1/prefix-650.txt
HI1-prompt1-gated,HI1-prompt1,4fa82e155efd87cd9cff3d4c7223b8ef037b61b718b8b20f320d582100071627,image-to-text,gated,log_rank_mean,2.5275847518975945,1.3238933459867688,True,False,control-HI1-prompt1,68e6720d2c19280adf45b2e395378a860d71f5179cabe9b3e756092a2c2d101c,controls/control-HI1-prompt1/prefix-650.txt
HI1-prompt1-arithmetic,HI1-prompt1,ed0855a1da630215f6ee468615c878a6bf1017248c781daf56853936039d11a2,image-to-text,arithmetic,surprisal_bits_mean,0.8029064583914707,2.313280180133632,False,True,control-HI1-prompt1,205cdb01fb2e184f052812f5c4f702822b5bc7f7c38031ce9e709abae621f81d,controls/control-HI1-prompt1/prefix-2048.txt
HI1-prompt1-arithmetic,HI1-prompt1,ed0855a1da630215f6ee468615c878a6bf1017248c781daf56853936039d11a2,image-to-text,arithmetic,log_rank_mean,0.287862194968164,1.1515162272751247,False,True,control-HI1-prompt1,205cdb01fb2e184f052812f5c4f702822b5bc7f7c38031ce9e709abae621f81d,controls/control-HI1-prompt1/prefix-2048.txt
HT1-row1-fixed,HT1-row1,faf83244196e24e27440c6beb644589b2fe3cad35bb1199c6a603110a93f49f2,text-to-image,fixed,surprisal_bits_mean,4.097855941150253,3.932686589505168,True,False,control-HT1-row1,7b18976c260516a009fbdce5cdc7b3e83431ec9715c62066d6d16d3b754daa9e,controls/control-HT1-row1/carrier.png
HT1-row1-fixed,HT1-row1,faf83244196e24e27440c6beb644589b2fe3cad35bb1199c6a603110a93f49f2,text-to-image,fixed,log_rank_mean,2.372807010068061,2.3481461705557916,True,False,control-HT1-row1,7b18976c260516a009fbdce5cdc7b3e83431ec9715c62066d6d16d3b754daa9e,controls/control-HT1-row1/carrier.png
HT1-row1-gated,HT1-row1,98b8c543be4e84739e6292c2fa909a6e836e069c61a4b35ada53edc3db3fb40c,text-to-image,gated,surprisal_bits_mean,4.154971874498308,3.932686589505168,True,False,control-HT1-row1,7b18976c260516a009fbdce5cdc7b3e83431ec9715c62066d6d16d3b754daa9e,controls/control-HT1-row1/carrier.png
HT1-row1-gated,HT1-row1,98b8c543be4e84739e6292c2fa909a6e836e069c61a4b35ada53edc3db3fb40c,text-to-image,gated,log_rank_mean,2.424230129501392,2.3481461705557916,True,False,control-HT1-row1,7b18976c260516a009fbdce5cdc7b3e83431ec9715c62066d6d16d3b754daa9e,controls/control-HT1-row1/carrier.png
HT1-row1-arithmetic,HT1-row1,f0f0176bdcae18b9995013a7a336978ba0ceaa182cda6de4aad958965f55a7fa,text-to-image,arithmetic,surprisal_bits_mean,3.559587488739819,3.932686589505168,True,False,control-HT1-row1,7b18976c260516a009fbdce5cdc7b3e83431ec9715c62066d6d16d3b754daa9e,controls/control-HT1-row1/carrier.png
HT1-row1-arithmetic,HT1-row1,f0f0176bdcae18b9995013a7a336978ba0ceaa182cda6de4aad958965f55a7fa,text-to-image,arithmetic,log_rank_mean,2.0613777703535474,2.3481461705557916,True,False,control-HT1-row1,7b18976c260516a009fbdce5cdc7b3e83431ec9715c62066d6d16d3b754daa9e,controls/control-HT1-row1/carrier.png
HI2-prompt1-fixed,HI2-prompt1,87f29ea7a8099c0ee8f2cef1b1d1a7140d6aaeb7d4be6969adfee64955f3417f,image-to-text,fixed,surprisal_bits_mean,5.476476016910736,1.128800567303661,True,False,control-HI2-prompt1,ad034d764f0a08931ff3119b7acf833aaa4486eb0b7a5afb9056fa1be23a44e0,controls/control-HI2-prompt1/prefix-616.txt
HI2-prompt1-fixed,HI2-prompt1,87f29ea7a8099c0ee8f2cef1b1d1a7140d6aaeb7d4be6969adfee64955f3417f,image-to-text,fixed,log_rank_mean,2.693501296935198,0.4484116077175609,True,False,control-HI2-prompt1,ad034d764f0a08931ff3119b7acf833aaa4486eb0b7a5afb9056fa1be23a44e0,controls/control-HI2-prompt1/prefix-616.txt
HI2-prompt1-gated,HI2-prompt1,f0e9b9c684b3d1dcf4f0a71906777d806061a20a1181b31616cfd4c2098b66a1,image-to-text,gated,surprisal_bits_mean,5.269593020671477,1.103826999045138,True,False,control-HI2-prompt1,e75263efc1b3933b1861e6ccb611476dc75932831fbfd5567d69a273d718c919,controls/control-HI2-prompt1/prefix-643.txt
HI2-prompt1-gated,HI2-prompt1,f0e9b9c684b3d1dcf4f0a71906777d806061a20a1181b31616cfd4c2098b66a1,image-to-text,gated,log_rank_mean,2.578791736259488,0.43565853957951167,True,False,control-HI2-prompt1,e75263efc1b3933b1861e6ccb611476dc75932831fbfd5567d69a273d718c919,controls/control-HI2-prompt1/prefix-643.txt
HI2-prompt1-arithmetic,HI2-prompt1,d5db2e2018b6f9857a9dd1039ffe9449903f8eb0455eed6c77797f4ddcf1ab56,image-to-text,arithmetic,surprisal_bits_mean,0.7418561112549907,0.8112823141957499,False,True,control-HI2-prompt1,5a6ff3feb4896349256c3c3748136bba7337ff99488da63d1cafbce3db3be7d0,controls/control-HI2-prompt1/prefix-2048.txt
HI2-prompt1-arithmetic,HI2-prompt1,d5db2e2018b6f9857a9dd1039ffe9449903f8eb0455eed6c77797f4ddcf1ab56,image-to-text,arithmetic,log_rank_mean,0.2543084675766087,0.30589507610790695,False,True,control-HI2-prompt1,5a6ff3feb4896349256c3c3748136bba7337ff99488da63d1cafbce3db3be7d0,controls/control-HI2-prompt1/prefix-2048.txt
HT2-row1-fixed,HT2-row1,46417946d688e8b8609f2d50596f238be14aa8b6cf5937cee4c082694d963144,text-to-image,fixed,surprisal_bits_mean,4.135280443193882,3.5292284837117527,True,False,control-HT2-row1,eabcfc07f75d264eeb993168a238e6ba8cd7968a745fec98d5db7892004df81d,controls/control-HT2-row1/carrier.png
HT2-row1-fixed,HT2-row1,46417946d688e8b8609f2d50596f238be14aa8b6cf5937cee4c082694d963144,text-to-image,fixed,log_rank_mean,2.4022955070583283,2.0076462812326494,True,False,control-HT2-row1,eabcfc07f75d264eeb993168a238e6ba8cd7968a745fec98d5db7892004df81d,controls/control-HT2-row1/carrier.png
HT2-row1-gated,HT2-row1,dc692472a1300d78dd1e20bff0b3d78b29e3eeee9f7986c749c447724570c860,text-to-image,gated,surprisal_bits_mean,3.977724318721515,3.5292284837117527,True,False,control-HT2-row1,eabcfc07f75d264eeb993168a238e6ba8cd7968a745fec98d5db7892004df81d,controls/control-HT2-row1/carrier.png
HT2-row1-gated,HT2-row1,dc692472a1300d78dd1e20bff0b3d78b29e3eeee9f7986c749c447724570c860,text-to-image,gated,log_rank_mean,2.2970463506966663,2.0076462812326494,True,False,control-HT2-row1,eabcfc07f75d264eeb993168a238e6ba8cd7968a745fec98d5db7892004df81d,controls/control-HT2-row1/carrier.png
HT2-row1-arithmetic,HT2-row1,14b43f3981279983c587fe2cb93b71902a6a845e2cddcbc719a75a04fb2d805d,text-to-image,arithmetic,surprisal_bits_mean,3.9038926141353287,3.5292284837117527,True,False,control-HT2-row1,eabcfc07f75d264eeb993168a238e6ba8cd7968a745fec98d5db7892004df81d,controls/control-HT2-row1/carrier.png
HT2-row1-arithmetic,HT2-row1,14b43f3981279983c587fe2cb93b71902a6a845e2cddcbc719a75a04fb2d805d,text-to-image,arithmetic,log_rank_mean,2.3290697712809507,2.0076462812326494,True,False,control-HT2-row1,eabcfc07f75d264eeb993168a238e6ba8cd7968a745fec98d5db7892004df81d,controls/control-HT2-row1/carrier.png
HI3-prompt1-fixed,HI3-prompt1,9dd9bf86208a160f5982c721d67159c266f45caeb9f4e55a0691d19e51e7766f,image-to-text,fixed,surprisal_bits_mean,5.529316687912249,1.227237778405456,True,False,control-HI3-prompt1,5e0c62d448fb471c52dcf9e8bfc285eee8999628ae33cdde104eec3b1c006610,controls/control-HI3-prompt1/prefix-616.txt
HI3-prompt1-fixed,HI3-prompt1,9dd9bf86208a160f5982c721d67159c266f45caeb9f4e55a0691d19e51e7766f,image-to-text,fixed,log_rank_mean,2.6951978130074625,0.4892812374068344,True,False,control-HI3-prompt1,5e0c62d448fb471c52dcf9e8bfc285eee8999628ae33cdde104eec3b1c006610,controls/control-HI3-prompt1/prefix-616.txt
HI3-prompt1-gated,HI3-prompt1,e9b60b6e898c1e8784104db5123257d2f70094baa74965447e49e601abc88e6d,image-to-text,gated,surprisal_bits_mean,4.963928887010442,1.1961403518979914,True,False,control-HI3-prompt1,bac8e9e4f961c83427fb31fa8887b70e1ed5af577e63c659141135f6df7e7ffa,controls/control-HI3-prompt1/prefix-649.txt
HI3-prompt1-gated,HI3-prompt1,e9b60b6e898c1e8784104db5123257d2f70094baa74965447e49e601abc88e6d,image-to-text,gated,log_rank_mean,2.535718409255142,0.4730987649189287,True,False,control-HI3-prompt1,bac8e9e4f961c83427fb31fa8887b70e1ed5af577e63c659141135f6df7e7ffa,controls/control-HI3-prompt1/prefix-649.txt
HI3-prompt1-arithmetic,HI3-prompt1,68a7f4dc09fe5aa9f45615b24b95de7097cdf2ceed3c550abe3472445fcb0536,image-to-text,arithmetic,surprisal_bits_mean,0.64459555517866,0.8064186789332676,False,True,control-HI3-prompt1,93df86a6de1bd3794f18d42573781835eff4e1f7c6b01cd13b00bfc71666bf91,controls/control-HI3-prompt1/prefix-2048.txt
HI3-prompt1-arithmetic,HI3-prompt1,68a7f4dc09fe5aa9f45615b24b95de7097cdf2ceed3c550abe3472445fcb0536,image-to-text,arithmetic,log_rank_mean,0.23155999137191952,0.28939069668929435,False,True,control-HI3-prompt1,93df86a6de1bd3794f18d42573781835eff4e1f7c6b01cd13b00bfc71666bf91,controls/control-HI3-prompt1/prefix-2048.txt
HT3-row1-fixed,HT3-row1,5b1c8fd03dacbd9d9bbe73e99b409ea1c607c7c042b6c449c5cd0d6c1395aa5b,text-to-image,fixed,surprisal_bits_mean,3.7925659868281274,3.889779065921605,True,False,control-HT3-row1,a97d708ec9480efa7d439b315a20639e79772ebe2a34fb05e10b97dd888b00a5,controls/control-HT3-row1/carrier.png
HT3-row1-fixed,HT3-row1,5b1c8fd03dacbd9d9bbe73e99b409ea1c607c7c042b6c449c5cd0d6c1395aa5b,text-to-image,fixed,log_rank_mean,2.13190312732912,2.2427980073511335,True,False,control-HT3-row1,a97d708ec9480efa7d439b315a20639e79772ebe2a34fb05e10b97dd888b00a5,controls/control-HT3-row1/carrier.png
HT3-row1-gated,HT3-row1,17207dd9e39dc4e41af53bcf8daa23bb62a6a5adc8b55cc8378b390186a1111d,text-to-image,gated,surprisal_bits_mean,4.077407771356033,3.889779065921605,True,False,control-HT3-row1,a97d708ec9480efa7d439b315a20639e79772ebe2a34fb05e10b97dd888b00a5,controls/control-HT3-row1/carrier.png
HT3-row1-gated,HT3-row1,17207dd9e39dc4e41af53bcf8daa23bb62a6a5adc8b55cc8378b390186a1111d,text-to-image,gated,log_rank_mean,2.3594051752686536,2.2427980073511335,True,False,control-HT3-row1,a97d708ec9480efa7d439b315a20639e79772ebe2a34fb05e10b97dd888b00a5,controls/control-HT3-row1/carrier.png
HT3-row1-arithmetic,HT3-row1,8bfbf276812057c0ff6fcab23c3e82a2a6b8d42d9720e279d9d659a870b6d9f8,text-to-image,arithmetic,surprisal_bits_mean,3.5544167908549134,3.889779065921605,True,False,control-HT3-row1,a97d708ec9480efa7d439b315a20639e79772ebe2a34fb05e10b97dd888b00a5,controls/control-HT3-row1/carrier.png
HT3-row1-arithmetic,HT3-row1,8bfbf276812057c0ff6fcab23c3e82a2a6b8d42d9720e279d9d659a870b6d9f8,text-to-image,arithmetic,log_rank_mean,2.0077068121016017,2.2427980073511335,True,False,control-HT3-row1,a97d708ec9480efa7d439b315a20639e79772ebe2a34fb05e10b97dd888b00a5,controls/control-HT3-row1/carrier.png
HI4-prompt1-fixed,HI4-prompt1,2b1e828c726d7549d9334b62ac18c6492d985b791f02c3f61d01d3caf3c5b05b,image-to-text,fixed,surprisal_bits_mean,5.60085705314701,1.5149632705723002,True,False,control-HI4-prompt1,5344c9aaa273af4307c35033f97986decd3ab9579ac901b57d1e0195056e4503,controls/control-HI4-prompt1/prefix-616.txt
HI4-prompt1-fixed,HI4-prompt1,2b1e828c726d7549d9334b62ac18c6492d985b791f02c3f61d01d3caf3c5b05b,image-to-text,fixed,log_rank_mean,2.6629496897044596,0.6003418565128739,True,False,control-HI4-prompt1,5344c9aaa273af4307c35033f97986decd3ab9579ac901b57d1e0195056e4503,controls/control-HI4-prompt1/prefix-616.txt
HI4-prompt1-gated,HI4-prompt1,f20a59fa97ccb40f6783adb7df4385951a802e015cadc19a8bb3884753650e44,image-to-text,gated,surprisal_bits_mean,4.7229101720221225,1.4710510438213897,True,False,control-HI4-prompt1,f6f1bfa41bd61f198cf8970c55da3b733a8e1ba3560d793cf13ecda689be7c72,controls/control-HI4-prompt1/prefix-691.txt
HI4-prompt1-gated,HI4-prompt1,f20a59fa97ccb40f6783adb7df4385951a802e015cadc19a8bb3884753650e44,image-to-text,gated,log_rank_mean,2.3303665960711384,0.5944578393357567,True,False,control-HI4-prompt1,f6f1bfa41bd61f198cf8970c55da3b733a8e1ba3560d793cf13ecda689be7c72,controls/control-HI4-prompt1/prefix-691.txt
HI4-prompt1-arithmetic,HI4-prompt1,68818e218074bffa3bf00df4fbf6a70f9b671837c3cb3d12615d4cf0fd59d158,image-to-text,arithmetic,surprisal_bits_mean,0.44353017823212343,1.198885726882379,False,True,control-HI4-prompt1,bcc3b632521e2498ab517cdb88547115b5ff8d641d221d994568af5eabc889fb,controls/control-HI4-prompt1/prefix-2048.txt
HI4-prompt1-arithmetic,HI4-prompt1,68818e218074bffa3bf00df4fbf6a70f9b671837c3cb3d12615d4cf0fd59d158,image-to-text,arithmetic,log_rank_mean,0.16243253285675524,0.4915835758663738,False,True,control-HI4-prompt1,bcc3b632521e2498ab517cdb88547115b5ff8d641d221d994568af5eabc889fb,controls/control-HI4-prompt1/prefix-2048.txt
HT4-row1-fixed,HT4-row1,7ca382635c91a0f9224cf1dd847ce26fd6aace78767bce090fb3c34995a81d3a,text-to-image,fixed,surprisal_bits_mean,4.105187184330974,3.6970772412541892,True,False,control-HT4-row1,0e3ce8710c1ba557c5b4742bc15d304f1ec291a8113785583c6d0ba152108d68,controls/control-HT4-row1/carrier.png
HT4-row1-fixed,HT4-row1,7ca382635c91a0f9224cf1dd847ce26fd6aace78767bce090fb3c34995a81d3a,text-to-image,fixed,log_rank_mean,2.3998278730642837,2.0859736085863942,True,False,control-HT4-row1,0e3ce8710c1ba557c5b4742bc15d304f1ec291a8113785583c6d0ba152108d68,controls/control-HT4-row1/carrier.png
HT4-row1-gated,HT4-row1,be402eca787fa34d31cf00d20b0197fd4f97ba93402dca5a6a314a0b2fb99590,text-to-image,gated,surprisal_bits_mean,4.049114774963166,3.6970772412541892,True,False,control-HT4-row1,0e3ce8710c1ba557c5b4742bc15d304f1ec291a8113785583c6d0ba152108d68,controls/control-HT4-row1/carrier.png
HT4-row1-gated,HT4-row1,be402eca787fa34d31cf00d20b0197fd4f97ba93402dca5a6a314a0b2fb99590,text-to-image,gated,log_rank_mean,2.347002896048738,2.0859736085863942,True,False,control-HT4-row1,0e3ce8710c1ba557c5b4742bc15d304f1ec291a8113785583c6d0ba152108d68,controls/control-HT4-row1/carrier.png
HT4-row1-arithmetic,HT4-row1,04d00a94410f55225b3213b610d6238cee23f0fddd01812b0733e70ec4eb5f02,text-to-image,arithmetic,surprisal_bits_mean,3.7223576988172664,3.6970772412541892,True,False,control-HT4-row1,0e3ce8710c1ba557c5b4742bc15d304f1ec291a8113785583c6d0ba152108d68,controls/control-HT4-row1/carrier.png
HT4-row1-arithmetic,HT4-row1,04d00a94410f55225b3213b610d6238cee23f0fddd01812b0733e70ec4eb5f02,text-to-image,arithmetic,log_rank_mean,2.147530637023241,2.0859736085863942,True,False,control-HT4-row1,0e3ce8710c1ba557c5b4742bc15d304f1ec291a8113785583c6d0ba152108d68,controls/control-HT4-row1/carrier.png
HI5-prompt1-fixed,HI5-prompt1,780e0e858730045131eec6abfe2dc35a5c6c674d87b81af7672d63f679e37f4e,image-to-text,fixed,surprisal_bits_mean,5.5653719500352645,0.9570380013265671,True,False,control-HI5-prompt1,511d32b7567eb63c7348dd3dc2f11cdc2e9823a559b7470e222ce5e0e1fdf94f,controls/control-HI5-prompt1/prefix-616.txt
HI5-prompt1-fixed,HI5-prompt1,780e0e858730045131eec6abfe2dc35a5c6c674d87b81af7672d63f679e37f4e,image-to-text,fixed,log_rank_mean,2.7830790446217435,0.3539258638065557,True,False,control-HI5-prompt1,511d32b7567eb63c7348dd3dc2f11cdc2e9823a559b7470e222ce5e0e1fdf94f,controls/control-HI5-prompt1/prefix-616.txt
HI5-prompt1-gated,HI5-prompt1,011d72dc1129b76f7abbc457b0167a634a0065ab2f9ee61b7c218c00c8e94392,image-to-text,gated,surprisal_bits_mean,5.168115600325245,0.933572760408909,True,False,control-HI5-prompt1,eaf8bf736f210d323d3d19a0954e305d12ef94fbc84a333667fd2c232af20ada,controls/control-HI5-prompt1/prefix-666.txt
HI5-prompt1-gated,HI5-prompt1,011d72dc1129b76f7abbc457b0167a634a0065ab2f9ee61b7c218c00c8e94392,image-to-text,gated,log_rank_mean,2.458342615819333,0.3419200778122814,True,False,control-HI5-prompt1,eaf8bf736f210d323d3d19a0954e305d12ef94fbc84a333667fd2c232af20ada,controls/control-HI5-prompt1/prefix-666.txt
HI5-prompt1-arithmetic,HI5-prompt1,59e921f2d567d6d0d7610b0590d88389b8340d360a5a8fa053a9bf5f6472a6cb,image-to-text,arithmetic,surprisal_bits_mean,1.0574310824561854,0.7056674150631727,False,True,control-HI5-prompt1,46965fb80660bece21f5dbac0795ea0c38b66e9a313e9620f90ccd1910a2bc41,controls/control-HI5-prompt1/prefix-2048.txt
HI5-prompt1-arithmetic,HI5-prompt1,59e921f2d567d6d0d7610b0590d88389b8340d360a5a8fa053a9bf5f6472a6cb,image-to-text,arithmetic,log_rank_mean,0.3935748847056353,0.2511142667841162,False,True,control-HI5-prompt1,46965fb80660bece21f5dbac0795ea0c38b66e9a313e9620f90ccd1910a2bc41,controls/control-HI5-prompt1/prefix-2048.txt
HT5-row1-fixed,HT5-row1,90eb544705226d349bafa4affd3f78100afe42215d9878bb4cbf8d600952537f,text-to-image,fixed,surprisal_bits_mean,4.311485958104281,4.160398412761646,True,False,control-HT5-row1,905e554a96871ce27e722783b02148a1ef65b10ec02450f3de6b3a3612b342c0,controls/control-HT5-row1/carrier.png
HT5-row1-fixed,HT5-row1,90eb544705226d349bafa4affd3f78100afe42215d9878bb4cbf8d600952537f,text-to-image,fixed,log_rank_mean,2.5423549878068634,2.5089783901558627,True,False,control-HT5-row1,905e554a96871ce27e722783b02148a1ef65b10ec02450f3de6b3a3612b342c0,controls/control-HT5-row1/carrier.png
HT5-row1-gated,HT5-row1,71a0478b799aeb202be7b7c2c6e2e7d0b17c2d5bddcf5e2c683385603ab3c680,text-to-image,gated,surprisal_bits_mean,4.039515721027695,4.160398412761646,True,False,control-HT5-row1,905e554a96871ce27e722783b02148a1ef65b10ec02450f3de6b3a3612b342c0,controls/control-HT5-row1/carrier.png
HT5-row1-gated,HT5-row1,71a0478b799aeb202be7b7c2c6e2e7d0b17c2d5bddcf5e2c683385603ab3c680,text-to-image,gated,log_rank_mean,2.357641198326735,2.5089783901558627,True,False,control-HT5-row1,905e554a96871ce27e722783b02148a1ef65b10ec02450f3de6b3a3612b342c0,controls/control-HT5-row1/carrier.png
HT5-row1-arithmetic,HT5-row1,56ec2f671d1217a915af7fb0f8ce02a8c5d81816bc7ba0f81e7bf0e80725c098,text-to-image,arithmetic,surprisal_bits_mean,4.155423781142175,4.160398412761646,True,False,control-HT5-row1,905e554a96871ce27e722783b02148a1ef65b10ec02450f3de6b3a3612b342c0,controls/control-HT5-row1/carrier.png
HT5-row1-arithmetic,HT5-row1,56ec2f671d1217a915af7fb0f8ce02a8c5d81816bc7ba0f81e7bf0e80725c098,text-to-image,arithmetic,log_rank_mean,2.4939001073803397,2.5089783901558627,True,False,control-HT5-row1,905e554a96871ce27e722783b02148a1ef65b10ec02450f3de6b3a3612b342c0,controls/control-HT5-row1/carrier.png
HI6-prompt1-fixed,HI6-prompt1,5f2d624e0b3ab1c87f885d819862930dae33cbe4479018c1141b47d5ddb2ff6f,image-to-text,fixed,surprisal_bits_mean,5.32225370222922,1.1335739518761263,True,False,control-HI6-prompt1,d52940f08cda52b1a9b3d47c0d9b0903509a17c42ed6490ddcc950835f22fa2d,controls/control-HI6-prompt1/prefix-616.txt
HI6-prompt1-fixed,HI6-prompt1,5f2d624e0b3ab1c87f885d819862930dae33cbe4479018c1141b47d5ddb2ff6f,image-to-text,fixed,log_rank_mean,2.6874831436424627,0.41189332569046916,True,False,control-HI6-prompt1,d52940f08cda52b1a9b3d47c0d9b0903509a17c42ed6490ddcc950835f22fa2d,controls/control-HI6-prompt1/prefix-616.txt
HI6-prompt1-gated,HI6-prompt1,6654954696e537963c940b1cb8a1b5de88f814835978c248583e46f8b0a2b4ae,image-to-text,gated,surprisal_bits_mean,5.16353263941999,1.116244737331632,True,False,control-HI6-prompt1,c5f2be6fc6c901ff175010f7905db5ee4de52a97c132abd45d9bf1bc9271dcb8,controls/control-HI6-prompt1/prefix-650.txt
HI6-prompt1-gated,HI6-prompt1,6654954696e537963c940b1cb8a1b5de88f814835978c248583e46f8b0a2b4ae,image-to-text,gated,log_rank_mean,2.4872190188965524,0.40617183206798646,True,False,control-HI6-prompt1,c5f2be6fc6c901ff175010f7905db5ee4de52a97c132abd45d9bf1bc9271dcb8,controls/control-HI6-prompt1/prefix-650.txt
HI6-prompt1-arithmetic,HI6-prompt1,4c45ce931ba1b0e8cbd1fdbbf4c08ac36a945c44d8e08c8462a0cf41b615a6d1,image-to-text,arithmetic,surprisal_bits_mean,0.9468526839717448,0.7132287474410016,False,True,control-HI6-prompt1,58fce32bab267691cc1040cbc053a6ad473b132f0e994bd36fe68d39f0c1161c,controls/control-HI6-prompt1/prefix-2048.txt
HI6-prompt1-arithmetic,HI6-prompt1,4c45ce931ba1b0e8cbd1fdbbf4c08ac36a945c44d8e08c8462a0cf41b615a6d1,image-to-text,arithmetic,log_rank_mean,0.3635892682580858,0.2501164722182052,False,True,control-HI6-prompt1,58fce32bab267691cc1040cbc053a6ad473b132f0e994bd36fe68d39f0c1161c,controls/control-HI6-prompt1/prefix-2048.txt
HT6-row1-fixed,HT6-row1,826a5c3ee5a8ce776a58e3f0861e6cd3174d3892b20bb176d9e34d52fb2bfa05,text-to-image,fixed,surprisal_bits_mean,4.110237834200498,3.558352731010522,True,False,control-HT6-row1,39461c139b5a71285b25360ab722ce7d10bed390dfe76dbef52fe14b3b596450,controls/control-HT6-row1/carrier.png
HT6-row1-fixed,HT6-row1,826a5c3ee5a8ce776a58e3f0861e6cd3174d3892b20bb176d9e34d52fb2bfa05,text-to-image,fixed,log_rank_mean,2.3945578941405232,2.0402128689165737,True,False,control-HT6-row1,39461c139b5a71285b25360ab722ce7d10bed390dfe76dbef52fe14b3b596450,controls/control-HT6-row1/carrier.png
HT6-row1-gated,HT6-row1,12baec80cdab0db31c6f15dd64707c67065d155819053816863a5eecabc0e45a,text-to-image,gated,surprisal_bits_mean,3.9985657400949126,3.558352731010522,True,False,control-HT6-row1,39461c139b5a71285b25360ab722ce7d10bed390dfe76dbef52fe14b3b596450,controls/control-HT6-row1/carrier.png
HT6-row1-gated,HT6-row1,12baec80cdab0db31c6f15dd64707c67065d155819053816863a5eecabc0e45a,text-to-image,gated,log_rank_mean,2.3040186083962917,2.0402128689165737,True,False,control-HT6-row1,39461c139b5a71285b25360ab722ce7d10bed390dfe76dbef52fe14b3b596450,controls/control-HT6-row1/carrier.png
HT6-row1-arithmetic,HT6-row1,7c041c5e587289510f72802e2bac035be890e06229aae5aa3442b365d36a2fe1,text-to-image,arithmetic,surprisal_bits_mean,3.53269014534262,3.558352731010522,True,False,control-HT6-row1,39461c139b5a71285b25360ab722ce7d10bed390dfe76dbef52fe14b3b596450,controls/control-HT6-row1/carrier.png
HT6-row1-arithmetic,HT6-row1,7c041c5e587289510f72802e2bac035be890e06229aae5aa3442b365d36a2fe1,text-to-image,arithmetic,log_rank_mean,2.0568876883029845,2.0402128689165737,True,False,control-HT6-row1,39461c139b5a71285b25360ab722ce7d10bed390dfe76dbef52fe14b3b596450,controls/control-HT6-row1/carrier.png
HI7-prompt1-fixed,HI7-prompt1,ac0f3c38429cdf470f4ec55b5b8bfdc98b84e271a2bc76ce86667252c029c89c,image-to-text,fixed,surprisal_bits_mean,5.901623243266278,1.238875084464744,True,False,control-HI7-prompt1,4a94882d342a3c04f1625a45fa34b0c9b007e25d1388b9aaaaa69aee4e23698c,controls/control-HI7-prompt1/prefix-616.txt
HI7-prompt1-fixed,HI7-prompt1,ac0f3c38429cdf470f4ec55b5b8bfdc98b84e271a2bc76ce86667252c029c89c,image-to-text,fixed,log_rank_mean,2.7782048093360565,0.4693262744525399,True,False,control-HI7-prompt1,4a94882d342a3c04f1625a45fa34b0c9b007e25d1388b9aaaaa69aee4e23698c,controls/control-HI7-prompt1/prefix-616.txt
HI7-prompt1-gated,HI7-prompt1,38b3895e45ba7496caaac8315b41b04d90090a719939b8d9d727d4a4b6e69419,image-to-text,gated,surprisal_bits_mean,5.441398456607314,1.3100591064657137,True,False,control-HI7-prompt1,bc6220578d25f44751f4cb64b47a0c2f5a4831b6bc72787e0f7f90a4031628a8,controls/control-HI7-prompt1/prefix-633.txt
HI7-prompt1-gated,HI7-prompt1,38b3895e45ba7496caaac8315b41b04d90090a719939b8d9d727d4a4b6e69419,image-to-text,gated,log_rank_mean,2.6886241210034374,0.5040637389962903,True,False,control-HI7-prompt1,bc6220578d25f44751f4cb64b47a0c2f5a4831b6bc72787e0f7f90a4031628a8,controls/control-HI7-prompt1/prefix-633.txt
HI7-prompt1-arithmetic,HI7-prompt1,f69bd73907bbc455526f261f1d8ac20bbcd6f2990ad095dc45c819502856547b,image-to-text,arithmetic,surprisal_bits_mean,0.2840159277689204,0.7821215917675128,False,True,control-HI7-prompt1,458d0aaf3b0f34ad25ff50d629c3278c13b8ae324bbf8dbd35592dd5230a4b8e,controls/control-HI7-prompt1/prefix-2048.txt
HI7-prompt1-arithmetic,HI7-prompt1,f69bd73907bbc455526f261f1d8ac20bbcd6f2990ad095dc45c819502856547b,image-to-text,arithmetic,log_rank_mean,0.10864457095219256,0.25889782424138763,False,True,control-HI7-prompt1,458d0aaf3b0f34ad25ff50d629c3278c13b8ae324bbf8dbd35592dd5230a4b8e,controls/control-HI7-prompt1/prefix-2048.txt
HT7-row1-fixed,HT7-row1,e774ee55e29c35ff69d9b8f028199d2eb386c021c8ceb4204ca069670b4e0ef0,text-to-image,fixed,surprisal_bits_mean,4.358979223519152,3.499748734207797,True,False,control-HT7-row1,b80d758721e1be64c3f1f01734a5dbd96b1770caab2de24d2c42e7a11a860c4e,controls/control-HT7-row1/carrier.png
HT7-row1-fixed,HT7-row1,e774ee55e29c35ff69d9b8f028199d2eb386c021c8ceb4204ca069670b4e0ef0,text-to-image,fixed,log_rank_mean,2.5952136758424,2.018801068516053,True,False,control-HT7-row1,b80d758721e1be64c3f1f01734a5dbd96b1770caab2de24d2c42e7a11a860c4e,controls/control-HT7-row1/carrier.png
HT7-row1-gated,HT7-row1,f5c76f5043c1929e1b34667a4f27c35b8b057046eaf7b3b9905bfcc8650b314c,text-to-image,gated,surprisal_bits_mean,3.8718024977681855,3.499748734207797,True,False,control-HT7-row1,b80d758721e1be64c3f1f01734a5dbd96b1770caab2de24d2c42e7a11a860c4e,controls/control-HT7-row1/carrier.png
HT7-row1-gated,HT7-row1,f5c76f5043c1929e1b34667a4f27c35b8b057046eaf7b3b9905bfcc8650b314c,text-to-image,gated,log_rank_mean,2.241199713047653,2.018801068516053,True,False,control-HT7-row1,b80d758721e1be64c3f1f01734a5dbd96b1770caab2de24d2c42e7a11a860c4e,controls/control-HT7-row1/carrier.png
HT7-row1-arithmetic,HT7-row1,6a1f1967335ba90c8ef1510093f1e5dc37d3af4dad9bcb4c99c6a7c24e466c3c,text-to-image,arithmetic,surprisal_bits_mean,4.264966888160069,3.499748734207797,True,False,control-HT7-row1,b80d758721e1be64c3f1f01734a5dbd96b1770caab2de24d2c42e7a11a860c4e,controls/control-HT7-row1/carrier.png
HT7-row1-arithmetic,HT7-row1,6a1f1967335ba90c8ef1510093f1e5dc37d3af4dad9bcb4c99c6a7c24e466c3c,text-to-image,arithmetic,log_rank_mean,2.552545416610638,2.018801068516053,True,False,control-HT7-row1,b80d758721e1be64c3f1f01734a5dbd96b1770caab2de24d2c42e7a11a860c4e,controls/control-HT7-row1/carrier.png
HI8-prompt1-fixed,HI8-prompt1,5b63c42b7e709335aa122df22d46a39cd5859e0e1a77c8528f632bd3ed5ea9fe,image-to-text,fixed,surprisal_bits_mean,5.449373455328777,1.2273758268981216,True,False,control-HI8-prompt1,7112da39e19f14259272a2f24d690f59a4f14a6f75e218ebf3eced07a0d131fa,controls/control-HI8-prompt1/prefix-616.txt
HI8-prompt1-fixed,HI8-prompt1,5b63c42b7e709335aa122df22d46a39cd5859e0e1a77c8528f632bd3ed5ea9fe,image-to-text,fixed,log_rank_mean,2.678163727970403,0.47189718232056427,True,False,control-HI8-prompt1,7112da39e19f14259272a2f24d690f59a4f14a6f75e218ebf3eced07a0d131fa,controls/control-HI8-prompt1/prefix-616.txt
HI8-prompt1-gated,HI8-prompt1,439b4d8ef50c19479a058a4eeded3a3627644e3caf68d2ea522313038024f35a,image-to-text,gated,surprisal_bits_mean,5.18599939677294,1.1686783385086899,True,False,control-HI8-prompt1,92c1c2d63800a4cefbbf2a4bef23ad4a11d79f8c07a08cb42759f09984bb7bdd,controls/control-HI8-prompt1/prefix-669.txt
HI8-prompt1-gated,HI8-prompt1,439b4d8ef50c19479a058a4eeded3a3627644e3caf68d2ea522313038024f35a,image-to-text,gated,log_rank_mean,2.533896356795367,0.44522958043484284,True,False,control-HI8-prompt1,92c1c2d63800a4cefbbf2a4bef23ad4a11d79f8c07a08cb42759f09984bb7bdd,controls/control-HI8-prompt1/prefix-669.txt
HI8-prompt1-arithmetic,HI8-prompt1,9437f463e9e3541602055873fac92d52d362b8f088dd11c9c49ac624f082cdad,image-to-text,arithmetic,surprisal_bits_mean,0.8850546728986401,0.6896887921531162,False,True,control-HI8-prompt1,6faa249312a975c41bc8d3cdabfb118e355d0553107c87ff09f8a6bee1873e65,controls/control-HI8-prompt1/prefix-2048.txt
HI8-prompt1-arithmetic,HI8-prompt1,9437f463e9e3541602055873fac92d52d362b8f088dd11c9c49ac624f082cdad,image-to-text,arithmetic,log_rank_mean,0.31184002397253036,0.245617555242616,False,True,control-HI8-prompt1,6faa249312a975c41bc8d3cdabfb118e355d0553107c87ff09f8a6bee1873e65,controls/control-HI8-prompt1/prefix-2048.txt
HT8-row1-fixed,HT8-row1,99bf0b1d38b64a472f450c62d54f91799e3544cff547d3d268dfa8634f6863a0,text-to-image,fixed,surprisal_bits_mean,4.321580252147945,3.7720438627252686,True,False,control-HT8-row1,3fd7308621e03d117922171d8ddd75ecefa023da594e5af97fb38e1651566e18,controls/control-HT8-row1/carrier.png
HT8-row1-fixed,HT8-row1,99bf0b1d38b64a472f450c62d54f91799e3544cff547d3d268dfa8634f6863a0,text-to-image,fixed,log_rank_mean,2.554902940435569,2.220418117995733,True,False,control-HT8-row1,3fd7308621e03d117922171d8ddd75ecefa023da594e5af97fb38e1651566e18,controls/control-HT8-row1/carrier.png
HT8-row1-gated,HT8-row1,27d5b269e6031c301aed5dd1358cdf8e93e145ba2c5bc525eed25e5d5ff9375e,text-to-image,gated,surprisal_bits_mean,4.0486114163284626,3.7720438627252686,True,False,control-HT8-row1,3fd7308621e03d117922171d8ddd75ecefa023da594e5af97fb38e1651566e18,controls/control-HT8-row1/carrier.png
HT8-row1-gated,HT8-row1,27d5b269e6031c301aed5dd1358cdf8e93e145ba2c5bc525eed25e5d5ff9375e,text-to-image,gated,log_rank_mean,2.333862414366342,2.220418117995733,True,False,control-HT8-row1,3fd7308621e03d117922171d8ddd75ecefa023da594e5af97fb38e1651566e18,controls/control-HT8-row1/carrier.png
HT8-row1-arithmetic,HT8-row1,bb765fed5273d6ac2a42f0158b0ffe299c87a43d30dbdfae13fa9046076c47fa,text-to-image,arithmetic,surprisal_bits_mean,4.036545705372083,3.7720438627252686,True,False,control-HT8-row1,3fd7308621e03d117922171d8ddd75ecefa023da594e5af97fb38e1651566e18,controls/control-HT8-row1/carrier.png
HT8-row1-arithmetic,HT8-row1,bb765fed5273d6ac2a42f0158b0ffe299c87a43d30dbdfae13fa9046076c47fa,text-to-image,arithmetic,log_rank_mean,2.381534662541288,2.220418117995733,True,False,control-HT8-row1,3fd7308621e03d117922171d8ddd75ecefa023da594e5af97fb38e1651566e18,controls/control-HT8-row1/carrier.png
HI9-prompt1-fixed,HI9-prompt1,bacb434735989032a93d029ff21864db1bf75a6a40684a48fb008c6f3f75ace5,image-to-text,fixed,surprisal_bits_mean,5.491200964580005,0.8906674707041469,True,False,control-HI9-prompt1,87d4b9752fb634f72f96b59dee26af84fa7dbdd453446f3b4efbd86070a8bf47,controls/control-HI9-prompt1/prefix-616.txt
HI9-prompt1-fixed,HI9-prompt1,bacb434735989032a93d029ff21864db1bf75a6a40684a48fb008c6f3f75ace5,image-to-text,fixed,log_rank_mean,2.67609251864089,0.3544058737935904,True,False,control-HI9-prompt1,87d4b9752fb634f72f96b59dee26af84fa7dbdd453446f3b4efbd86070a8bf47,controls/control-HI9-prompt1/prefix-616.txt
HI9-prompt1-gated,HI9-prompt1,353271242670f100b3cf58b36f3b27a6fe9987b20d638c43fbcd565857a6c9f2,image-to-text,gated,surprisal_bits_mean,5.245272570138408,0.870877425317142,True,False,control-HI9-prompt1,7aa4a6190256e2de77156904dd1a297e962459249ea20e9d16bc2a7de07ce458,controls/control-HI9-prompt1/prefix-630.txt
HI9-prompt1-gated,HI9-prompt1,353271242670f100b3cf58b36f3b27a6fe9987b20d638c43fbcd565857a6c9f2,image-to-text,gated,log_rank_mean,2.613859399435688,0.3465301877092884,True,False,control-HI9-prompt1,7aa4a6190256e2de77156904dd1a297e962459249ea20e9d16bc2a7de07ce458,controls/control-HI9-prompt1/prefix-630.txt
HI9-prompt1-arithmetic,HI9-prompt1,24a0cd927ed5ad47f86b7d214d24101722408c9a1581671cac2cea09c74e29b6,image-to-text,arithmetic,surprisal_bits_mean,0.8810259208410107,0.39156748264891267,False,True,control-HI9-prompt1,35937c5896d73785e8f297d74ff873e6f5151f4898f3e14003cbf2e90dcde0c3,controls/control-HI9-prompt1/prefix-2048.txt
HI9-prompt1-arithmetic,HI9-prompt1,24a0cd927ed5ad47f86b7d214d24101722408c9a1581671cac2cea09c74e29b6,image-to-text,arithmetic,log_rank_mean,0.3182274447498585,0.14589317640740676,False,True,control-HI9-prompt1,35937c5896d73785e8f297d74ff873e6f5151f4898f3e14003cbf2e90dcde0c3,controls/control-HI9-prompt1/prefix-2048.txt
HT9-row1-fixed,HT9-row1,85e765e40d3f2b7fa956eb8c9b9aa1572baa666456aa4650db216a75d93615e8,text-to-image,fixed,surprisal_bits_mean,4.622866251518536,3.831858260933201,True,False,control-HT9-row1,511eb2c514b65f9a79c402258c7eeb04688394fb0a000ef02494f2afee7832c4,controls/control-HT9-row1/carrier.png
HT9-row1-fixed,HT9-row1,85e765e40d3f2b7fa956eb8c9b9aa1572baa666456aa4650db216a75d93615e8,text-to-image,fixed,log_rank_mean,2.823349060377653,2.265743744697479,True,False,control-HT9-row1,511eb2c514b65f9a79c402258c7eeb04688394fb0a000ef02494f2afee7832c4,controls/control-HT9-row1/carrier.png
HT9-row1-gated,HT9-row1,a56ba1f631565ca84ddcfb93e774e1c8cf0f990fee60fce155a71042b262c315,text-to-image,gated,surprisal_bits_mean,4.26356270637162,3.831858260933201,True,False,control-HT9-row1,511eb2c514b65f9a79c402258c7eeb04688394fb0a000ef02494f2afee7832c4,controls/control-HT9-row1/carrier.png
HT9-row1-gated,HT9-row1,a56ba1f631565ca84ddcfb93e774e1c8cf0f990fee60fce155a71042b262c315,text-to-image,gated,log_rank_mean,2.507905021748712,2.265743744697479,True,False,control-HT9-row1,511eb2c514b65f9a79c402258c7eeb04688394fb0a000ef02494f2afee7832c4,controls/control-HT9-row1/carrier.png
HT9-row1-arithmetic,HT9-row1,9c5988f1f10292e64d0f7f80495d74e23856f0b5668219f652c95ab28df81a1e,text-to-image,arithmetic,surprisal_bits_mean,3.4840815848612015,3.831858260933201,True,False,control-HT9-row1,511eb2c514b65f9a79c402258c7eeb04688394fb0a000ef02494f2afee7832c4,controls/control-HT9-row1/carrier.png
HT9-row1-arithmetic,HT9-row1,9c5988f1f10292e64d0f7f80495d74e23856f0b5668219f652c95ab28df81a1e,text-to-image,arithmetic,log_rank_mean,2.0267021094589244,2.265743744697479,True,False,control-HT9-row1,511eb2c514b65f9a79c402258c7eeb04688394fb0a000ef02494f2afee7832c4,controls/control-HT9-row1/carrier.png
HI10-prompt1-fixed,HI10-prompt1,d622b754b86f6e6233f3f79892a6001a61b33f056981b35a89ec8362fa740e83,image-to-text,fixed,surprisal_bits_mean,5.48930386737682,0.6925835946068699,True,False,control-HI10-prompt1,2639aeff742111fdde370c397c5e7cdce3b4d4707ad67220a255bf556140ee5d,controls/control-HI10-prompt1/prefix-616.txt
HI10-prompt1-fixed,HI10-prompt1,d622b754b86f6e6233f3f79892a6001a61b33f056981b35a89ec8362fa740e83,image-to-text,fixed,log_rank_mean,2.6327656017487984,0.2668233220896503,True,False,control-HI10-prompt1,2639aeff742111fdde370c397c5e7cdce3b4d4707ad67220a255bf556140ee5d,controls/control-HI10-prompt1/prefix-616.txt
HI10-prompt1-gated,HI10-prompt1,0863f7450797e802e548ef1941cf2550b22cb706860adce3fca3f157276f68e8,image-to-text,gated,surprisal_bits_mean,4.974057770429792,0.6339257640789557,True,False,control-HI10-prompt1,a966e937e2a2bbe52e4eb06ddb41309158f76f7619cae3289d6a005807eb314a,controls/control-HI10-prompt1/prefix-673.txt
HI10-prompt1-gated,HI10-prompt1,0863f7450797e802e548ef1941cf2550b22cb706860adce3fca3f157276f68e8,image-to-text,gated,log_rank_mean,2.3776235594798023,0.24422461576110635,True,False,control-HI10-prompt1,a966e937e2a2bbe52e4eb06ddb41309158f76f7619cae3289d6a005807eb314a,controls/control-HI10-prompt1/prefix-673.txt
HI10-prompt1-arithmetic,HI10-prompt1,d3fe3fe22dec43df96e26b469cd390e4654e989480ce414f68ffb01a72eae3f2,image-to-text,arithmetic,surprisal_bits_mean,0.7376452272994782,0.3590598420046265,False,True,control-HI10-prompt1,7ddd4ae2d5b0fbe7f4f3ed616cbd6ec6e201cbad90e75dcb370c3f03f052e8fc,controls/control-HI10-prompt1/prefix-2048.txt
HI10-prompt1-arithmetic,HI10-prompt1,d3fe3fe22dec43df96e26b469cd390e4654e989480ce414f68ffb01a72eae3f2,image-to-text,arithmetic,log_rank_mean,0.29545023736807285,0.13532285355879412,False,True,control-HI10-prompt1,7ddd4ae2d5b0fbe7f4f3ed616cbd6ec6e201cbad90e75dcb370c3f03f052e8fc,controls/control-HI10-prompt1/prefix-2048.txt
HT10-row1-fixed,HT10-row1,cdc6218f2d4155bd167332ccddae3d80ad557348df71dc1d03abd2d132a3ccb0,text-to-image,fixed,surprisal_bits_mean,3.902649805648045,3.425194798337257,True,False,control-HT10-row1,a764d0e21e254c4dad21851a0c2c9d5503334602d45b705840ac7531b288457d,controls/control-HT10-row1/carrier.png
HT10-row1-fixed,HT10-row1,cdc6218f2d4155bd167332ccddae3d80ad557348df71dc1d03abd2d132a3ccb0,text-to-image,fixed,log_rank_mean,2.225331233397835,1.9746717395390723,True,False,control-HT10-row1,a764d0e21e254c4dad21851a0c2c9d5503334602d45b705840ac7531b288457d,controls/control-HT10-row1/carrier.png
HT10-row1-gated,HT10-row1,756bbd435c6012b2ebff3b65b5718c1795503c2ae96e778e670d99c98b9f270c,text-to-image,gated,surprisal_bits_mean,4.427367342988583,3.425194798337257,True,False,control-HT10-row1,a764d0e21e254c4dad21851a0c2c9d5503334602d45b705840ac7531b288457d,controls/control-HT10-row1/carrier.png
HT10-row1-gated,HT10-row1,756bbd435c6012b2ebff3b65b5718c1795503c2ae96e778e670d99c98b9f270c,text-to-image,gated,log_rank_mean,2.6797234038961566,1.9746717395390723,True,False,control-HT10-row1,a764d0e21e254c4dad21851a0c2c9d5503334602d45b705840ac7531b288457d,controls/control-HT10-row1/carrier.png
HT10-row1-arithmetic,HT10-row1,f1b049e2167c931db74913883c2c2f52e3dc0a8bcc025a79499ae985aa635c87,text-to-image,arithmetic,surprisal_bits_mean,3.282170902471483,3.425194798337257,True,False,control-HT10-row1,a764d0e21e254c4dad21851a0c2c9d5503334602d45b705840ac7531b288457d,controls/control-HT10-row1/carrier.png
HT10-row1-arithmetic,HT10-row1,f1b049e2167c931db74913883c2c2f52e3dc0a8bcc025a79499ae985aa635c87,text-to-image,arithmetic,log_rank_mean,1.8253115494181462,1.9746717395390723,True,False,control-HT10-row1,a764d0e21e254c4dad21851a0c2c9d5503334602d45b705840ac7531b288457d,controls/control-HT10-row1/carrier.png
HI11-prompt1-fixed,HI11-prompt1,83b9f63e3ddaf055d6d2cdeecd5ada174ef31820ec3fcdbd357d970649d4ae93,image-to-text,fixed,surprisal_bits_mean,5.547266789249446,1.2067009057620948,True,False,control-HI11-prompt1,2765830ef16905ca6aea85c33363e81857523c9a393517828225f24f8170df20,controls/control-HI11-prompt1/prefix-616.txt
HI11-prompt1-fixed,HI11-prompt1,83b9f63e3ddaf055d6d2cdeecd5ada174ef31820ec3fcdbd357d970649d4ae93,image-to-text,fixed,log_rank_mean,2.6351024837220103,0.47064358500317993,True,False,control-HI11-prompt1,2765830ef16905ca6aea85c33363e81857523c9a393517828225f24f8170df20,controls/control-HI11-prompt1/prefix-616.txt
HI11-prompt1-gated,HI11-prompt1,2888ce939ad6af2d3b51be306b0180f2e03363150fd2871054378c05296bab55,image-to-text,gated,surprisal_bits_mean,4.958052227086709,1.2046061358789824,True,False,control-HI11-prompt1,bacf60c8c0ed8c86339a45def26404cb1eba8dd048fe266eae5fe96d4f211da8,controls/control-HI11-prompt1/prefix-678.txt
HI11-prompt1-gated,HI11-prompt1,2888ce939ad6af2d3b51be306b0180f2e03363150fd2871054378c05296bab55,image-to-text,gated,log_rank_mean,2.329687600221333,0.47142462494265797,True,False,control-HI11-prompt1,bacf60c8c0ed8c86339a45def26404cb1eba8dd048fe266eae5fe96d4f211da8,controls/control-HI11-prompt1/prefix-678.txt
HI11-prompt1-arithmetic,HI11-prompt1,1b01f20b6785ee35e657185192d9c0b3302a857850a23e4a3a7a734cf54d3c25,image-to-text,arithmetic,surprisal_bits_mean,0.5584833096588142,0.7218436820065902,False,True,control-HI11-prompt1,3ed7513a29bdc80cfbb91f9c245859675b969639dc0c6675f4e4d8751278172c,controls/control-HI11-prompt1/prefix-2048.txt
HI11-prompt1-arithmetic,HI11-prompt1,1b01f20b6785ee35e657185192d9c0b3302a857850a23e4a3a7a734cf54d3c25,image-to-text,arithmetic,log_rank_mean,0.23207451088879,0.26065777781276417,False,True,control-HI11-prompt1,3ed7513a29bdc80cfbb91f9c245859675b969639dc0c6675f4e4d8751278172c,controls/control-HI11-prompt1/prefix-2048.txt
HT11-row1-fixed,HT11-row1,788dbf13087bcbc3ce543c62ba028edfaca9de548de4db15e35e8ed8a2e26eea,text-to-image,fixed,surprisal_bits_mean,4.46102054738551,3.0880675771108472,True,False,control-HT11-row1,95b700ce31c15fd4b5f599fec212d7498398c9fcf7d78bc47ff33a363a769771,controls/control-HT11-row1/carrier.png
HT11-row1-fixed,HT11-row1,788dbf13087bcbc3ce543c62ba028edfaca9de548de4db15e35e8ed8a2e26eea,text-to-image,fixed,log_rank_mean,2.6782987468291894,1.7250757748059806,True,False,control-HT11-row1,95b700ce31c15fd4b5f599fec212d7498398c9fcf7d78bc47ff33a363a769771,controls/control-HT11-row1/carrier.png
HT11-row1-gated,HT11-row1,fcd2e571abac209b8b9e0c99d2d254b33ed42af0f6c268cbc01a5497aacdcdda,text-to-image,gated,surprisal_bits_mean,4.5166887821916335,3.0880675771108472,True,False,control-HT11-row1,95b700ce31c15fd4b5f599fec212d7498398c9fcf7d78bc47ff33a363a769771,controls/control-HT11-row1/carrier.png
HT11-row1-gated,HT11-row1,fcd2e571abac209b8b9e0c99d2d254b33ed42af0f6c268cbc01a5497aacdcdda,text-to-image,gated,log_rank_mean,2.7406418781916635,1.7250757748059806,True,False,control-HT11-row1,95b700ce31c15fd4b5f599fec212d7498398c9fcf7d78bc47ff33a363a769771,controls/control-HT11-row1/carrier.png
HT11-row1-arithmetic,HT11-row1,74d397e949a4390b8ee6f738f1b1a44f68d2d327239cc431d9f6829af238d442,text-to-image,arithmetic,surprisal_bits_mean,3.741520361341614,3.0880675771108472,True,False,control-HT11-row1,95b700ce31c15fd4b5f599fec212d7498398c9fcf7d78bc47ff33a363a769771,controls/control-HT11-row1/carrier.png
HT11-row1-arithmetic,HT11-row1,74d397e949a4390b8ee6f738f1b1a44f68d2d327239cc431d9f6829af238d442,text-to-image,arithmetic,log_rank_mean,2.183938456039108,1.7250757748059806,True,False,control-HT11-row1,95b700ce31c15fd4b5f599fec212d7498398c9fcf7d78bc47ff33a363a769771,controls/control-HT11-row1/carrier.png
HI12-prompt1-fixed,HI12-prompt1,d1b091f8737bb9bbf27684b8c7ac8b52cec4decac845962dc295d04d991f7f16,image-to-text,fixed,surprisal_bits_mean,5.6479981008452596,1.0395932354374333,True,False,control-HI12-prompt1,9b4a46cbc1cea8e52494ace5cfecfe967eeb29d4ce4a3edba5c5e10f6f1cb224,controls/control-HI12-prompt1/prefix-616.txt
HI12-prompt1-fixed,HI12-prompt1,d1b091f8737bb9bbf27684b8c7ac8b52cec4decac845962dc295d04d991f7f16,image-to-text,fixed,log_rank_mean,2.7490935594321577,0.4389552221361717,True,False,control-HI12-prompt1,9b4a46cbc1cea8e52494ace5cfecfe967eeb29d4ce4a3edba5c5e10f6f1cb224,controls/control-HI12-prompt1/prefix-616.txt
HI12-prompt1-gated,HI12-prompt1,bbfd4c765027a611d6f1978b68d855a69f9990e7591a69db3ff2a0021b7e68cd,image-to-text,gated,surprisal_bits_mean,5.138160137801248,1.1211755713038363,True,False,control-HI12-prompt1,f830adf3be8adfcc4ba187f815c1f46c08cdde390f06bc186445ea632f499766,controls/control-HI12-prompt1/prefix-650.txt
HI12-prompt1-gated,HI12-prompt1,bbfd4c765027a611d6f1978b68d855a69f9990e7591a69db3ff2a0021b7e68cd,image-to-text,gated,log_rank_mean,2.5976572655823493,0.4873205161995819,True,False,control-HI12-prompt1,f830adf3be8adfcc4ba187f815c1f46c08cdde390f06bc186445ea632f499766,controls/control-HI12-prompt1/prefix-650.txt
HI12-prompt1-arithmetic,HI12-prompt1,1fded16838f501668bc7db66a0f8e9685b0099bbbd079bb98b4f322d8d37f373,image-to-text,arithmetic,surprisal_bits_mean,0.5805707299245907,0.897284986023232,False,True,control-HI12-prompt1,63035bd5cf2849b0dbc653e7bac4c744fd7d024b3ff69a1f06e3e0f1fd93e9ce,controls/control-HI12-prompt1/prefix-2048.txt
HI12-prompt1-arithmetic,HI12-prompt1,1fded16838f501668bc7db66a0f8e9685b0099bbbd079bb98b4f322d8d37f373,image-to-text,arithmetic,log_rank_mean,0.19175293958457515,0.350379295763518,False,True,control-HI12-prompt1,63035bd5cf2849b0dbc653e7bac4c744fd7d024b3ff69a1f06e3e0f1fd93e9ce,controls/control-HI12-prompt1/prefix-2048.txt
HT12-row1-fixed,HT12-row1,60d13dfedddef6b00eb579ed270449a9db810e228b8e28ab93f0b23f29a5fabc,text-to-image,fixed,surprisal_bits_mean,4.342844944223802,3.305990658394695,True,False,control-HT12-row1,d10b5445ebb06163ef74ae9d8c128390761e3e36e5979937c36f04ee1d5c320f,controls/control-HT12-row1/carrier.png
HT12-row1-fixed,HT12-row1,60d13dfedddef6b00eb579ed270449a9db810e228b8e28ab93f0b23f29a5fabc,text-to-image,fixed,log_rank_mean,2.575177731073825,1.9235679308461655,True,False,control-HT12-row1,d10b5445ebb06163ef74ae9d8c128390761e3e36e5979937c36f04ee1d5c320f,controls/control-HT12-row1/carrier.png
HT12-row1-gated,HT12-row1,d97f4a3e7ae5b275b5be76bb83561aa5e0bcd2941fa9fc62314bb60d108e47e1,text-to-image,gated,surprisal_bits_mean,3.940879112717406,3.305990658394695,True,False,control-HT12-row1,d10b5445ebb06163ef74ae9d8c128390761e3e36e5979937c36f04ee1d5c320f,controls/control-HT12-row1/carrier.png
HT12-row1-gated,HT12-row1,d97f4a3e7ae5b275b5be76bb83561aa5e0bcd2941fa9fc62314bb60d108e47e1,text-to-image,gated,log_rank_mean,2.251826609008811,1.9235679308461655,True,False,control-HT12-row1,d10b5445ebb06163ef74ae9d8c128390761e3e36e5979937c36f04ee1d5c320f,controls/control-HT12-row1/carrier.png
HT12-row1-arithmetic,HT12-row1,e66bf315b13aeeabc5a4cee7a39b313d1f53e91070c71e80d85595b7027e68da,text-to-image,arithmetic,surprisal_bits_mean,3.6073148403669753,3.305990658394695,True,False,control-HT12-row1,d10b5445ebb06163ef74ae9d8c128390761e3e36e5979937c36f04ee1d5c320f,controls/control-HT12-row1/carrier.png
HT12-row1-arithmetic,HT12-row1,e66bf315b13aeeabc5a4cee7a39b313d1f53e91070c71e80d85595b7027e68da,text-to-image,arithmetic,log_rank_mean,2.092497503447596,1.9235679308461655,True,False,control-HT12-row1,d10b5445ebb06163ef74ae9d8c128390761e3e36e5979937c36f04ee1d5c320f,controls/control-HT12-row1/carrier.png
HI13-prompt1-fixed,HI13-prompt1,39280cf2706208334c465a94bc25ae7ee880b6ce2d61773b8398e16bfafd4c64,image-to-text,fixed,surprisal_bits_mean,5.568821301936449,0.8822050537501815,True,False,control-HI13-prompt1,7620c4beaa25157d5b236b508630f4808f17f61c751c17e663d55367e2bac239,controls/control-HI13-prompt1/prefix-616.txt
HI13-prompt1-fixed,HI13-prompt1,39280cf2706208334c465a94bc25ae7ee880b6ce2d61773b8398e16bfafd4c64,image-to-text,fixed,log_rank_mean,2.780376771630458,0.3261956112797967,True,False,control-HI13-prompt1,7620c4beaa25157d5b236b508630f4808f17f61c751c17e663d55367e2bac239,controls/control-HI13-prompt1/prefix-616.txt
HI13-prompt1-gated,HI13-prompt1,a55512f725cedb13fa1da91f04cedcb8717a931b1f4459a7bf43069cf302650b,image-to-text,gated,surprisal_bits_mean,5.290862152038906,0.8593173906487463,True,False,control-HI13-prompt1,8c5c7d67462219de9f7775e308d2e6f432be8d2bc91ae034a2452cddc578e9c4,controls/control-HI13-prompt1/prefix-651.txt
HI13-prompt1-gated,HI13-prompt1,a55512f725cedb13fa1da91f04cedcb8717a931b1f4459a7bf43069cf302650b,image-to-text,gated,log_rank_mean,2.6002635903403797,0.3163387043753529,True,False,control-HI13-prompt1,8c5c7d67462219de9f7775e308d2e6f432be8d2bc91ae034a2452cddc578e9c4,controls/control-HI13-prompt1/prefix-651.txt
HI13-prompt1-arithmetic,HI13-prompt1,23baa2c5b39fd814afa18061c4fcdc9c0fc86bae6c2ddce649cc48fec6b2048e,image-to-text,arithmetic,surprisal_bits_mean,0.6315272970221838,0.7645907081718726,False,True,control-HI13-prompt1,30b7c578447fc62b23e9bdc642bbc06527435b31b45057f2d07176f0780d4ae9,controls/control-HI13-prompt1/prefix-2048.txt
HI13-prompt1-arithmetic,HI13-prompt1,23baa2c5b39fd814afa18061c4fcdc9c0fc86bae6c2ddce649cc48fec6b2048e,image-to-text,arithmetic,log_rank_mean,0.22340020084315804,0.2789989797303226,False,True,control-HI13-prompt1,30b7c578447fc62b23e9bdc642bbc06527435b31b45057f2d07176f0780d4ae9,controls/control-HI13-prompt1/prefix-2048.txt
HT13-row1-fixed,HT13-row1,e1a8fee4b5529a451d88a97c6936104ab8d32c19ab57f100b2291efdad10c4c8,text-to-image,fixed,surprisal_bits_mean,3.8716459769254823,3.6663903585717814,True,False,control-HT13-row1,b8655facc7527f7a40e733ade5d9e2c116b30995d801adb5b41bd5ab71f864c3,controls/control-HT13-row1/carrier.png
HT13-row1-fixed,HT13-row1,e1a8fee4b5529a451d88a97c6936104ab8d32c19ab57f100b2291efdad10c4c8,text-to-image,fixed,log_rank_mean,2.1933707500404203,2.116010720157766,True,False,control-HT13-row1,b8655facc7527f7a40e733ade5d9e2c116b30995d801adb5b41bd5ab71f864c3,controls/control-HT13-row1/carrier.png
HT13-row1-gated,HT13-row1,b1e809cc15283edabe87f3ca3bc04243cdbc0f95ccf53fc132b3fe028314c03b,text-to-image,gated,surprisal_bits_mean,3.6544664224903243,3.6663903585717814,True,False,control-HT13-row1,b8655facc7527f7a40e733ade5d9e2c116b30995d801adb5b41bd5ab71f864c3,controls/control-HT13-row1/carrier.png
HT13-row1-gated,HT13-row1,b1e809cc15283edabe87f3ca3bc04243cdbc0f95ccf53fc132b3fe028314c03b,text-to-image,gated,log_rank_mean,2.058250888465354,2.116010720157766,True,False,control-HT13-row1,b8655facc7527f7a40e733ade5d9e2c116b30995d801adb5b41bd5ab71f864c3,controls/control-HT13-row1/carrier.png
HT13-row1-arithmetic,HT13-row1,0f2c8be08ed2e7d2324125133f9b9dc501f009850934e97db9ecdc432782e9cb,text-to-image,arithmetic,surprisal_bits_mean,3.5421754721347063,3.6663903585717814,True,False,control-HT13-row1,b8655facc7527f7a40e733ade5d9e2c116b30995d801adb5b41bd5ab71f864c3,controls/control-HT13-row1/carrier.png
HT13-row1-arithmetic,HT13-row1,0f2c8be08ed2e7d2324125133f9b9dc501f009850934e97db9ecdc432782e9cb,text-to-image,arithmetic,log_rank_mean,2.043375860459562,2.116010720157766,True,False,control-HT13-row1,b8655facc7527f7a40e733ade5d9e2c116b30995d801adb5b41bd5ab71f864c3,controls/control-HT13-row1/carrier.png
HI14-prompt1-fixed,HI14-prompt1,5b2ab72dbb5989b5237377f6ae98979aae9f21ef6955cd0547210516160183f0,image-to-text,fixed,surprisal_bits_mean,5.327929581650221,1.5587268652642703,True,False,control-HI14-prompt1,f70657a02c865798759bd523425af9097493e22c9935a9e9f74be147e26d7c6f,controls/control-HI14-prompt1/prefix-616.txt
HI14-prompt1-fixed,HI14-prompt1,5b2ab72dbb5989b5237377f6ae98979aae9f21ef6955cd0547210516160183f0,image-to-text,fixed,log_rank_mean,2.7504452532804846,0.6291310262480886,True,False,control-HI14-prompt1,f70657a02c865798759bd523425af9097493e22c9935a9e9f74be147e26d7c6f,controls/control-HI14-prompt1/prefix-616.txt
HI14-prompt1-gated,HI14-prompt1,d5d383e9eecdfb4dcf4c7e1b792ad82323fe5e10d0f91074685de8721f481a67,image-to-text,gated,surprisal_bits_mean,5.269292769899135,1.552497425076773,True,False,control-HI14-prompt1,2174d2ca500dd66069477d5601439fd9ce52ce9b96a8bf9db91ae50d3ef7c65d,controls/control-HI14-prompt1/prefix-652.txt
HI14-prompt1-gated,HI14-prompt1,d5d383e9eecdfb4dcf4c7e1b792ad82323fe5e10d0f91074685de8721f481a67,image-to-text,gated,log_rank_mean,2.5543416734937825,0.6253972872540235,True,False,control-HI14-prompt1,2174d2ca500dd66069477d5601439fd9ce52ce9b96a8bf9db91ae50d3ef7c65d,controls/control-HI14-prompt1/prefix-652.txt
HI14-prompt1-arithmetic,HI14-prompt1,b0e8d3fd85eb9d6b9ec2f28aa5298dce4d4a50b537ab5526a379fed9e3dcfc74,image-to-text,arithmetic,surprisal_bits_mean,0.5479445279941326,1.0233997630192269,False,True,control-HI14-prompt1,1b1bb7a8a57a7a6b28ae92e4beb558147b1a51b896bcc86c7988e835ea858ccf,controls/control-HI14-prompt1/prefix-2048.txt
HI14-prompt1-arithmetic,HI14-prompt1,b0e8d3fd85eb9d6b9ec2f28aa5298dce4d4a50b537ab5526a379fed9e3dcfc74,image-to-text,arithmetic,log_rank_mean,0.22476778187116128,0.3983706955916402,False,True,control-HI14-prompt1,1b1bb7a8a57a7a6b28ae92e4beb558147b1a51b896bcc86c7988e835ea858ccf,controls/control-HI14-prompt1/prefix-2048.txt
HT14-row1-fixed,HT14-row1,6836d190ff5aa8572b74676dc2beaedd74dc4067596cdef205520da77e9a9781,text-to-image,fixed,surprisal_bits_mean,4.4893785733556335,4.082989522578105,True,False,control-HT14-row1,24aeb33bed209161655432dc6e8c96236d6baa7127782760d9c4040eb9ec02b3,controls/control-HT14-row1/carrier.png
HT14-row1-fixed,HT14-row1,6836d190ff5aa8572b74676dc2beaedd74dc4067596cdef205520da77e9a9781,text-to-image,fixed,log_rank_mean,2.7093596390863546,2.438132187327008,True,False,control-HT14-row1,24aeb33bed209161655432dc6e8c96236d6baa7127782760d9c4040eb9ec02b3,controls/control-HT14-row1/carrier.png
HT14-row1-gated,HT14-row1,ee3a83319c590b2ce59bffc6571b3064d8a2505211a9b89561502bc71d238fb9,text-to-image,gated,surprisal_bits_mean,4.1408367702573665,4.082989522578105,True,False,control-HT14-row1,24aeb33bed209161655432dc6e8c96236d6baa7127782760d9c4040eb9ec02b3,controls/control-HT14-row1/carrier.png
HT14-row1-gated,HT14-row1,ee3a83319c590b2ce59bffc6571b3064d8a2505211a9b89561502bc71d238fb9,text-to-image,gated,log_rank_mean,2.4360659292730493,2.438132187327008,True,False,control-HT14-row1,24aeb33bed209161655432dc6e8c96236d6baa7127782760d9c4040eb9ec02b3,controls/control-HT14-row1/carrier.png
HT14-row1-arithmetic,HT14-row1,29645ea112b0482d4b238d339a159bceb03b823b3a4e80841642f615186716fa,text-to-image,arithmetic,surprisal_bits_mean,3.8091522565974723,4.082989522578105,True,False,control-HT14-row1,24aeb33bed209161655432dc6e8c96236d6baa7127782760d9c4040eb9ec02b3,controls/control-HT14-row1/carrier.png
HT14-row1-arithmetic,HT14-row1,29645ea112b0482d4b238d339a159bceb03b823b3a4e80841642f615186716fa,text-to-image,arithmetic,log_rank_mean,2.231514291665996,2.438132187327008,True,False,control-HT14-row1,24aeb33bed209161655432dc6e8c96236d6baa7127782760d9c4040eb9ec02b3,controls/control-HT14-row1/carrier.png
HI15-prompt1-fixed,HI15-prompt1,1a9f382082fce4953762d90ac3692d440e51ff6dbd22457e9accaff72bdeb31d,image-to-text,fixed,surprisal_bits_mean,5.739287889994313,1.6807952736694294,True,False,control-HI15-prompt1,b3a8352171e8bee8c8edabf9791853d1e0072b83d47f0865840e5f6572cf3c74,controls/control-HI15-prompt1/prefix-616.txt
HI15-prompt1-fixed,HI15-prompt1,1a9f382082fce4953762d90ac3692d440e51ff6dbd22457e9accaff72bdeb31d,image-to-text,fixed,log_rank_mean,2.7810905550165512,0.6656404266451171,True,False,control-HI15-prompt1,b3a8352171e8bee8c8edabf9791853d1e0072b83d47f0865840e5f6572cf3c74,controls/control-HI15-prompt1/prefix-616.txt
HI15-prompt1-gated,HI15-prompt1,666df34a039df94902cfb6a1519a30e1fa089591dfa03732275dd3d26087be78,image-to-text,gated,surprisal_bits_mean,5.079299278735458,1.6820784725008036,True,False,control-HI15-prompt1,a61c3491313bee5bb5dd9f2fd1868cc0a4f108d4b7868a897919854a7f88efb2,controls/control-HI15-prompt1/prefix-679.txt
HI15-prompt1-gated,HI15-prompt1,666df34a039df94902cfb6a1519a30e1fa089591dfa03732275dd3d26087be78,image-to-text,gated,log_rank_mean,2.485388933590939,0.6672932621945373,True,False,control-HI15-prompt1,a61c3491313bee5bb5dd9f2fd1868cc0a4f108d4b7868a897919854a7f88efb2,controls/control-HI15-prompt1/prefix-679.txt
HI15-prompt1-arithmetic,HI15-prompt1,78578b48e893046c6202c2cc40ba9270e14f30c3b4abb192eb61cb648692c694,image-to-text,arithmetic,surprisal_bits_mean,0.6985173500847428,1.3826490552646602,False,True,control-HI15-prompt1,13ef63db87b03361d4134d5b7fbf3683bc4698a95a9058a54c11a8916a7f8652,controls/control-HI15-prompt1/prefix-2048.txt
HI15-prompt1-arithmetic,HI15-prompt1,78578b48e893046c6202c2cc40ba9270e14f30c3b4abb192eb61cb648692c694,image-to-text,arithmetic,log_rank_mean,0.22846295814835066,0.5414932216986523,False,True,control-HI15-prompt1,13ef63db87b03361d4134d5b7fbf3683bc4698a95a9058a54c11a8916a7f8652,controls/control-HI15-prompt1/prefix-2048.txt
HT15-row1-fixed,HT15-row1,3b840d27567c82558e86b023040b07d14bb815100a347f40e1ee506dacd7f580,text-to-image,fixed,surprisal_bits_mean,4.4186963499492276,3.668840878991993,True,False,control-HT15-row1,0ad69ba2e45e746f7e1743442294b6a69688e5240430795345dcad3436ba6284,controls/control-HT15-row1/carrier.png
HT15-row1-fixed,HT15-row1,3b840d27567c82558e86b023040b07d14bb815100a347f40e1ee506dacd7f580,text-to-image,fixed,log_rank_mean,2.6477444604002125,2.1248244728556336,True,False,control-HT15-row1,0ad69ba2e45e746f7e1743442294b6a69688e5240430795345dcad3436ba6284,controls/control-HT15-row1/carrier.png
HT15-row1-gated,HT15-row1,53ac728d8a8c0229ddab8784cf1b6b088133d7e338100317af758789f8f6f22a,text-to-image,gated,surprisal_bits_mean,4.3863248863062845,3.668840878991993,True,False,control-HT15-row1,0ad69ba2e45e746f7e1743442294b6a69688e5240430795345dcad3436ba6284,controls/control-HT15-row1/carrier.png
HT15-row1-gated,HT15-row1,53ac728d8a8c0229ddab8784cf1b6b088133d7e338100317af758789f8f6f22a,text-to-image,gated,log_rank_mean,2.637325937831322,2.1248244728556336,True,False,control-HT15-row1,0ad69ba2e45e746f7e1743442294b6a69688e5240430795345dcad3436ba6284,controls/control-HT15-row1/carrier.png
HT15-row1-arithmetic,HT15-row1,461e31b83ec2f5135ffb879f4ffb89de910384eeee4ae4f63c656e17c7d1c77b,text-to-image,arithmetic,surprisal_bits_mean,4.4823738313049395,3.668840878991993,True,False,control-HT15-row1,0ad69ba2e45e746f7e1743442294b6a69688e5240430795345dcad3436ba6284,controls/control-HT15-row1/carrier.png
HT15-row1-arithmetic,HT15-row1,461e31b83ec2f5135ffb879f4ffb89de910384eeee4ae4f63c656e17c7d1c77b,text-to-image,arithmetic,log_rank_mean,2.76471156106963,2.1248244728556336,True,False,control-HT15-row1,0ad69ba2e45e746f7e1743442294b6a69688e5240430795345dcad3436ba6284,controls/control-HT15-row1/carrier.png
HI16-prompt1-fixed,HI16-prompt1,339221e67f6fea0d4273b6af90d91060ab7413cb1eaf0319435e7ebde98a6b73,image-to-text,fixed,surprisal_bits_mean,5.569867358943626,1.0914666487500517,True,False,control-HI16-prompt1,4aa3282f4fa1924c2898076aac509571ca4dc7ab364330b7a76c3465eb597f8f,controls/control-HI16-prompt1/prefix-616.txt
HI16-prompt1-fixed,HI16-prompt1,339221e67f6fea0d4273b6af90d91060ab7413cb1eaf0319435e7ebde98a6b73,image-to-text,fixed,log_rank_mean,2.7852671556544437,0.4190730579102798,True,False,control-HI16-prompt1,4aa3282f4fa1924c2898076aac509571ca4dc7ab364330b7a76c3465eb597f8f,controls/control-HI16-prompt1/prefix-616.txt
HI16-prompt1-gated,HI16-prompt1,31bad92fe0142072f1c04295e608bf2bb0b831cc7d15835d4775d9402fb8dce2,image-to-text,gated,surprisal_bits_mean,5.362520482937674,1.1139197284802802,True,False,control-HI16-prompt1,de213cd2cc8367e5f3e560bab38225f1ef9ffb2c5ea8c77e281c723f4fd33615,controls/control-HI16-prompt1/prefix-654.txt
HI16-prompt1-gated,HI16-prompt1,31bad92fe0142072f1c04295e608bf2bb0b831cc7d15835d4775d9402fb8dce2,image-to-text,gated,log_rank_mean,2.6482518341930184,0.4239381752495064,True,False,control-HI16-prompt1,de213cd2cc8367e5f3e560bab38225f1ef9ffb2c5ea8c77e281c723f4fd33615,controls/control-HI16-prompt1/prefix-654.txt
HI16-prompt1-arithmetic,HI16-prompt1,ef454a3cce68b377309e780cb556bf902bae77e494918818e7ed377a35fc859a,image-to-text,arithmetic,surprisal_bits_mean,1.0829906387903097,0.8547078074713174,False,True,control-HI16-prompt1,5f4fa2a7ccd2e4b3953e51f56ff52f4ac936b8918a07d2d3a16ecab1f0256f11,controls/control-HI16-prompt1/prefix-2048.txt
HI16-prompt1-arithmetic,HI16-prompt1,ef454a3cce68b377309e780cb556bf902bae77e494918818e7ed377a35fc859a,image-to-text,arithmetic,log_rank_mean,0.4519795136704854,0.3418684367350782,False,True,control-HI16-prompt1,5f4fa2a7ccd2e4b3953e51f56ff52f4ac936b8918a07d2d3a16ecab1f0256f11,controls/control-HI16-prompt1/prefix-2048.txt
HT16-row1-fixed,HT16-row1,8a0f02109a44c34757ae3a56875f03cd998b9ae331fa677b8ebbc670ffa4b430,text-to-image,fixed,surprisal_bits_mean,4.192962890591171,3.3597566426101118,True,False,control-HT16-row1,ed336087dac4c5af62908bcb8cd78b0c0a0e9c31dd5f5098383b30a19bae365e,controls/control-HT16-row1/carrier.png
HT16-row1-fixed,HT16-row1,8a0f02109a44c34757ae3a56875f03cd998b9ae331fa677b8ebbc670ffa4b430,text-to-image,fixed,log_rank_mean,2.468746503890186,1.8774648096954685,True,False,control-HT16-row1,ed336087dac4c5af62908bcb8cd78b0c0a0e9c31dd5f5098383b30a19bae365e,controls/control-HT16-row1/carrier.png
HT16-row1-gated,HT16-row1,943055c9b3dcc25bb37605755e41d07139cf9bc1a83e1b632306392f75eba2b3,text-to-image,gated,surprisal_bits_mean,4.176991118191572,3.3597566426101118,True,False,control-HT16-row1,ed336087dac4c5af62908bcb8cd78b0c0a0e9c31dd5f5098383b30a19bae365e,controls/control-HT16-row1/carrier.png
HT16-row1-gated,HT16-row1,943055c9b3dcc25bb37605755e41d07139cf9bc1a83e1b632306392f75eba2b3,text-to-image,gated,log_rank_mean,2.450395273007616,1.8774648096954685,True,False,control-HT16-row1,ed336087dac4c5af62908bcb8cd78b0c0a0e9c31dd5f5098383b30a19bae365e,controls/control-HT16-row1/carrier.png
HT16-row1-arithmetic,HT16-row1,8c07e1f452d6ef387fa609e47c73a1dd54ae040a2a75b3d4d1c7eba6d603d260,text-to-image,arithmetic,surprisal_bits_mean,3.5313348237311875,3.3597566426101118,True,False,control-HT16-row1,ed336087dac4c5af62908bcb8cd78b0c0a0e9c31dd5f5098383b30a19bae365e,controls/control-HT16-row1/carrier.png
HT16-row1-arithmetic,HT16-row1,8c07e1f452d6ef387fa609e47c73a1dd54ae040a2a75b3d4d1c7eba6d603d260,text-to-image,arithmetic,log_rank_mean,2.0348324781096734,1.8774648096954685,True,False,control-HT16-row1,ed336087dac4c5af62908bcb8cd78b0c0a0e9c31dd5f5098383b30a19bae365e,controls/control-HT16-row1/carrier.png
HI17-prompt1-fixed,HI17-prompt1,1b15c3679c01e03da1fc20a9b3d242b2603013ecf4148b9d5c9ac49048c7b11c,image-to-text,fixed,surprisal_bits_mean,5.32553984195246,1.4482300845677505,True,False,control-HI17-prompt1,d10c5d7dab93663d08770c23fbb28abcb0c3b42cac7f6c53eebc7df2ad4f9fcf,controls/control-HI17-prompt1/prefix-616.txt
HI17-prompt1-fixed,HI17-prompt1,1b15c3679c01e03da1fc20a9b3d242b2603013ecf4148b9d5c9ac49048c7b11c,image-to-text,fixed,log_rank_mean,2.657121720831069,0.6430971174200052,True,False,control-HI17-prompt1,d10c5d7dab93663d08770c23fbb28abcb0c3b42cac7f6c53eebc7df2ad4f9fcf,controls/control-HI17-prompt1/prefix-616.txt
HI17-prompt1-gated,HI17-prompt1,43111f7c3a281996b31ac7acd08077748c01bb59f1462b401bd13145f4bd03af,image-to-text,gated,surprisal_bits_mean,5.348187217893958,1.5361214743080167,True,False,control-HI17-prompt1,4d40be0d7cf13fdcd23f0a744698e1933bafc1d27b399c13e7aa779a5175a57d,controls/control-HI17-prompt1/prefix-656.txt
HI17-prompt1-gated,HI17-prompt1,43111f7c3a281996b31ac7acd08077748c01bb59f1462b401bd13145f4bd03af,image-to-text,gated,log_rank_mean,2.574536530009061,0.6841418609085603,True,False,control-HI17-prompt1,4d40be0d7cf13fdcd23f0a744698e1933bafc1d27b399c13e7aa779a5175a57d,controls/control-HI17-prompt1/prefix-656.txt
HI17-prompt1-arithmetic,HI17-prompt1,9ae4a3e59228948e2fc6e911befcc691f446e3c30d66bd875a541c85500b7a99,image-to-text,arithmetic,surprisal_bits_mean,0.6333357873163573,0.927476523807595,False,True,control-HI17-prompt1,7ce6013551ef9b218b739dda279163357928f685c45e2a44cba87efb838715bb,controls/control-HI17-prompt1/prefix-2048.txt
HI17-prompt1-arithmetic,HI17-prompt1,9ae4a3e59228948e2fc6e911befcc691f446e3c30d66bd875a541c85500b7a99,image-to-text,arithmetic,log_rank_mean,0.2392364762341718,0.4025447779803252,False,True,control-HI17-prompt1,7ce6013551ef9b218b739dda279163357928f685c45e2a44cba87efb838715bb,controls/control-HI17-prompt1/prefix-2048.txt
HT17-row1-fixed,HT17-row1,c64e6d581e2a0ea6b7c478f83ad79e0a149546cfabb49d23d7cdf8c5fc894a3d,text-to-image,fixed,surprisal_bits_mean,3.98728123527332,3.612111140765698,True,False,control-HT17-row1,f88e30702fc97cbe5e23a239d320d829e152991a3c92bf50424320d6bc1648df,controls/control-HT17-row1/carrier.png
HT17-row1-fixed,HT17-row1,c64e6d581e2a0ea6b7c478f83ad79e0a149546cfabb49d23d7cdf8c5fc894a3d,text-to-image,fixed,log_rank_mean,2.2964000935019233,2.0823530670683024,True,False,control-HT17-row1,f88e30702fc97cbe5e23a239d320d829e152991a3c92bf50424320d6bc1648df,controls/control-HT17-row1/carrier.png
HT17-row1-gated,HT17-row1,0b22d595d6f131d4ab62750a8e76c89220119d9eb41080ba360a2752229b72f5,text-to-image,gated,surprisal_bits_mean,4.1498068660357,3.612111140765698,True,False,control-HT17-row1,f88e30702fc97cbe5e23a239d320d829e152991a3c92bf50424320d6bc1648df,controls/control-HT17-row1/carrier.png
HT17-row1-gated,HT17-row1,0b22d595d6f131d4ab62750a8e76c89220119d9eb41080ba360a2752229b72f5,text-to-image,gated,log_rank_mean,2.4138886826097146,2.0823530670683024,True,False,control-HT17-row1,f88e30702fc97cbe5e23a239d320d829e152991a3c92bf50424320d6bc1648df,controls/control-HT17-row1/carrier.png
HT17-row1-arithmetic,HT17-row1,94e1f4ca90f071c19c8952f06478d2816c5371899016f2695b644906ba6b91cf,text-to-image,arithmetic,surprisal_bits_mean,3.4057871348111726,3.612111140765698,True,False,control-HT17-row1,f88e30702fc97cbe5e23a239d320d829e152991a3c92bf50424320d6bc1648df,controls/control-HT17-row1/carrier.png
HT17-row1-arithmetic,HT17-row1,94e1f4ca90f071c19c8952f06478d2816c5371899016f2695b644906ba6b91cf,text-to-image,arithmetic,log_rank_mean,1.9492995369210204,2.0823530670683024,True,False,control-HT17-row1,f88e30702fc97cbe5e23a239d320d829e152991a3c92bf50424320d6bc1648df,controls/control-HT17-row1/carrier.png
HI18-prompt1-fixed,HI18-prompt1,0af78f83a2f15c543f1226409305b295f44f466176b3cfb7183fa38b89d4359b,image-to-text,fixed,surprisal_bits_mean,5.751745385674009,0.9272628549105403,True,False,control-HI18-prompt1,cc28f3e3332e3c8ff24b7384c97e8c4038e78424d94eb014c34a4abc9bbca592,controls/control-HI18-prompt1/prefix-616.txt
HI18-prompt1-fixed,HI18-prompt1,0af78f83a2f15c543f1226409305b295f44f466176b3cfb7183fa38b89d4359b,image-to-text,fixed,log_rank_mean,2.69329647633794,0.34576205656525455,True,False,control-HI18-prompt1,cc28f3e3332e3c8ff24b7384c97e8c4038e78424d94eb014c34a4abc9bbca592,controls/control-HI18-prompt1/prefix-616.txt
HI18-prompt1-gated,HI18-prompt1,32388dae671ee59565d37449bc2617228181c5cd46ec27baa42a0e01dc564dfc,image-to-text,gated,surprisal_bits_mean,5.079453852569087,0.8721513560618281,True,False,control-HI18-prompt1,2cba632e6c2f07f91bf919b7dfe8c3e5b0a7bac39d04df85975fe19057b02c2c,controls/control-HI18-prompt1/prefix-655.txt
HI18-prompt1-gated,HI18-prompt1,32388dae671ee59565d37449bc2617228181c5cd46ec27baa42a0e01dc564dfc,image-to-text,gated,log_rank_mean,2.4844967542866496,0.3251746974720562,True,False,control-HI18-prompt1,2cba632e6c2f07f91bf919b7dfe8c3e5b0a7bac39d04df85975fe19057b02c2c,controls/control-HI18-prompt1/prefix-655.txt
HI18-prompt1-arithmetic,HI18-prompt1,fcc7b490c1dffdba614359fcf2a2ed4e744f86247ea40093e034dc9bca85441e,image-to-text,arithmetic,surprisal_bits_mean,0.4964866462128977,0.3005522905324893,False,True,control-HI18-prompt1,89f6354cfc2252280868ef7dd5112787bd5f7832fb148d528fefa7679b6a7dc1,controls/control-HI18-prompt1/prefix-2048.txt
HI18-prompt1-arithmetic,HI18-prompt1,fcc7b490c1dffdba614359fcf2a2ed4e744f86247ea40093e034dc9bca85441e,image-to-text,arithmetic,log_rank_mean,0.19570261537409261,0.10858483606785917,False,True,control-HI18-prompt1,89f6354cfc2252280868ef7dd5112787bd5f7832fb148d528fefa7679b6a7dc1,controls/control-HI18-prompt1/prefix-2048.txt
HT18-row1-fixed,HT18-row1,e154c8592bc6f92bb3f1728b6418b220f99ab7b04498aa0c4e0c989023a0eca8,text-to-image,fixed,surprisal_bits_mean,4.226137046665123,3.9710114425976664,True,False,control-HT18-row1,000da95f071ad4ac53b215db513d2f9a81c3c0955cf951c110f9fe03d531774c,controls/control-HT18-row1/carrier.png
HT18-row1-fixed,HT18-row1,e154c8592bc6f92bb3f1728b6418b220f99ab7b04498aa0c4e0c989023a0eca8,text-to-image,fixed,log_rank_mean,2.4803490722954638,2.348447131769007,True,False,control-HT18-row1,000da95f071ad4ac53b215db513d2f9a81c3c0955cf951c110f9fe03d531774c,controls/control-HT18-row1/carrier.png
HT18-row1-gated,HT18-row1,c5d7f1dc6c704f27278ac9bd5dd9c15f1c48ec5dc8d3c8c79a2bc4eafd7765bf,text-to-image,gated,surprisal_bits_mean,3.731936271364319,3.9710114425976664,True,False,control-HT18-row1,000da95f071ad4ac53b215db513d2f9a81c3c0955cf951c110f9fe03d531774c,controls/control-HT18-row1/carrier.png
HT18-row1-gated,HT18-row1,c5d7f1dc6c704f27278ac9bd5dd9c15f1c48ec5dc8d3c8c79a2bc4eafd7765bf,text-to-image,gated,log_rank_mean,2.091445174113378,2.348447131769007,True,False,control-HT18-row1,000da95f071ad4ac53b215db513d2f9a81c3c0955cf951c110f9fe03d531774c,controls/control-HT18-row1/carrier.png
HT18-row1-arithmetic,HT18-row1,63e3be28fd9a6833bdce380c48001e5b7644ae355a9a249c20e899875bb6b01d,text-to-image,arithmetic,surprisal_bits_mean,3.8970660964590333,3.9710114425976664,True,False,control-HT18-row1,000da95f071ad4ac53b215db513d2f9a81c3c0955cf951c110f9fe03d531774c,controls/control-HT18-row1/carrier.png
HT18-row1-arithmetic,HT18-row1,63e3be28fd9a6833bdce380c48001e5b7644ae355a9a249c20e899875bb6b01d,text-to-image,arithmetic,log_rank_mean,2.2966062532746054,2.348447131769007,True,False,control-HT18-row1,000da95f071ad4ac53b215db513d2f9a81c3c0955cf951c110f9fe03d531774c,controls/control-HT18-row1/carrier.png
HI19-prompt1-fixed,HI19-prompt1,31ccb13fbcdf0243d49d8a9e4d93ccea7cad71a4e20693b7cae3594acacbcc77,image-to-text,fixed,surprisal_bits_mean,5.863153004833306,1.2148592039535047,True,False,control-HI19-prompt1,89da7ec85abc1e603bdf63df158ad4eb1a7101a6b3554cf47bfbbaf65aa1dce7,controls/control-HI19-prompt1/prefix-616.txt
HI19-prompt1-fixed,HI19-prompt1,31ccb13fbcdf0243d49d8a9e4d93ccea7cad71a4e20693b7cae3594acacbcc77,image-to-text,fixed,log_rank_mean,2.797005779340309,0.44165658125735013,True,False,control-HI19-prompt1,89da7ec85abc1e603bdf63df158ad4eb1a7101a6b3554cf47bfbbaf65aa1dce7,controls/control-HI19-prompt1/prefix-616.txt
HI19-prompt1-gated,HI19-prompt1,9eca6c7146961efdac5d830200117e4d0c3fe9fd5ca37c1859d288e648d8f467,image-to-text,gated,surprisal_bits_mean,5.3368295911326795,1.180149141567228,True,False,control-HI19-prompt1,1e68b16276d39d623640b740c308185a6fe1648e6b044ce8611e72a4c96bb7df,controls/control-HI19-prompt1/prefix-635.txt
HI19-prompt1-gated,HI19-prompt1,9eca6c7146961efdac5d830200117e4d0c3fe9fd5ca37c1859d288e648d8f467,image-to-text,gated,log_rank_mean,2.6905836083769263,0.42844165992839,True,False,control-HI19-prompt1,1e68b16276d39d623640b740c308185a6fe1648e6b044ce8611e72a4c96bb7df,controls/control-HI19-prompt1/prefix-635.txt
HI19-prompt1-arithmetic,HI19-prompt1,f0918a85198a207cd6d5197ac1ebe3dad84fe4e63b1f02141a6842b40c9ecd78,image-to-text,arithmetic,surprisal_bits_mean,0.637120936288318,0.9661161999522422,False,True,control-HI19-prompt1,98f818e40b91b9e9abc93da181c3ade880c9a9a43d9e16f7f5dfaeb3e785809a,controls/control-HI19-prompt1/prefix-2048.txt
HI19-prompt1-arithmetic,HI19-prompt1,f0918a85198a207cd6d5197ac1ebe3dad84fe4e63b1f02141a6842b40c9ecd78,image-to-text,arithmetic,log_rank_mean,0.2287361019559093,0.3618225072044972,False,True,control-HI19-prompt1,98f818e40b91b9e9abc93da181c3ade880c9a9a43d9e16f7f5dfaeb3e785809a,controls/control-HI19-prompt1/prefix-2048.txt
HT19-row1-fixed,HT19-row1,32444df9342a4f5a5fa8641a17ebf191cc132dae3a9dfd050b9f1730eb00d4d0,text-to-image,fixed,surprisal_bits_mean,3.6495787012436556,4.384058128048802,True,False,control-HT19-row1,17ab3bac9e39e187e1807382063953e63a1db72e743e877895452906e47121c5,controls/control-HT19-row1/carrier.png
HT19-row1-fixed,HT19-row1,32444df9342a4f5a5fa8641a17ebf191cc132dae3a9dfd050b9f1730eb00d4d0,text-to-image,fixed,log_rank_mean,2.022459458688277,2.6819760643134924,True,False,control-HT19-row1,17ab3bac9e39e187e1807382063953e63a1db72e743e877895452906e47121c5,controls/control-HT19-row1/carrier.png
HT19-row1-gated,HT19-row1,9e6fee3c64c46e23134d4d29f5e180897cad5ae355fa5dcc965a560fd1f535a7,text-to-image,gated,surprisal_bits_mean,4.2944154395648315,4.384058128048802,True,False,control-HT19-row1,17ab3bac9e39e187e1807382063953e63a1db72e743e877895452906e47121c5,controls/control-HT19-row1/carrier.png
HT19-row1-gated,HT19-row1,9e6fee3c64c46e23134d4d29f5e180897cad5ae355fa5dcc965a560fd1f535a7,text-to-image,gated,log_rank_mean,2.56448467853665,2.6819760643134924,True,False,control-HT19-row1,17ab3bac9e39e187e1807382063953e63a1db72e743e877895452906e47121c5,controls/control-HT19-row1/carrier.png
HT19-row1-arithmetic,HT19-row1,96b6a4e6cc55a3eab7edfce0e1389ed909ff477dd266556b09ae97239d87a0ba,text-to-image,arithmetic,surprisal_bits_mean,3.592560299715762,4.384058128048802,True,False,control-HT19-row1,17ab3bac9e39e187e1807382063953e63a1db72e743e877895452906e47121c5,controls/control-HT19-row1/carrier.png
HT19-row1-arithmetic,HT19-row1,96b6a4e6cc55a3eab7edfce0e1389ed909ff477dd266556b09ae97239d87a0ba,text-to-image,arithmetic,log_rank_mean,2.0901052682709236,2.6819760643134924,True,False,control-HT19-row1,17ab3bac9e39e187e1807382063953e63a1db72e743e877895452906e47121c5,controls/control-HT19-row1/carrier.png
HI20-prompt1-fixed,HI20-prompt1,3581538c4e370068a43872cb0ea33975403adb8585aadb0cc3f3656a1ffac6f1,image-to-text,fixed,surprisal_bits_mean,5.686879859649073,1.4705348011434936,True,False,control-HI20-prompt1,a0ff7becd4160f131eaf6e664199f5aeeae5de875b783a4a87a12a43612f7a98,controls/control-HI20-prompt1/prefix-616.txt
HI20-prompt1-fixed,HI20-prompt1,3581538c4e370068a43872cb0ea33975403adb8585aadb0cc3f3656a1ffac6f1,image-to-text,fixed,log_rank_mean,2.8173026175423406,0.5806496411756648,True,False,control-HI20-prompt1,a0ff7becd4160f131eaf6e664199f5aeeae5de875b783a4a87a12a43612f7a98,controls/control-HI20-prompt1/prefix-616.txt
HI20-prompt1-gated,HI20-prompt1,2a39aa435bd2ee5fd5f3596db388f15e3b3ad1294fa2ebde11245962fad9c2b5,image-to-text,gated,surprisal_bits_mean,5.359107669485628,1.4518664362123612,True,False,control-HI20-prompt1,3b0fa9a8f2b33e0e8ae043b324a0f92455d66e3d13e384af6249d12c61cae57a,controls/control-HI20-prompt1/prefix-652.txt
HI20-prompt1-gated,HI20-prompt1,2a39aa435bd2ee5fd5f3596db388f15e3b3ad1294fa2ebde11245962fad9c2b5,image-to-text,gated,log_rank_mean,2.5810289430429343,0.5700616241782354,True,False,control-HI20-prompt1,3b0fa9a8f2b33e0e8ae043b324a0f92455d66e3d13e384af6249d12c61cae57a,controls/control-HI20-prompt1/prefix-652.txt
HI20-prompt1-arithmetic,HI20-prompt1,7bf867b0e5fa55df584b811abead978820b882e0aa8c46b624c05206f6b510ed,image-to-text,arithmetic,surprisal_bits_mean,0.9521438219307442,0.6205974344826743,False,True,control-HI20-prompt1,dd42204ae2bb6db552b828d04600ee4ff17dff1ad4c6ce41b949f8bf86c46efb,controls/control-HI20-prompt1/prefix-2048.txt
HI20-prompt1-arithmetic,HI20-prompt1,7bf867b0e5fa55df584b811abead978820b882e0aa8c46b624c05206f6b510ed,image-to-text,arithmetic,log_rank_mean,0.35468739485979567,0.24707477266362418,False,True,control-HI20-prompt1,dd42204ae2bb6db552b828d04600ee4ff17dff1ad4c6ce41b949f8bf86c46efb,controls/control-HI20-prompt1/prefix-2048.txt
HT20-row1-fixed,HT20-row1,9d439c482f001426f06bc658975cab1ac486b95275665c66ca0985b25d281a86,text-to-image,fixed,surprisal_bits_mean,4.427229184339204,3.2373981223776065,True,False,control-HT20-row1,0818922f8c88577c61824eca51e788eaffb8e02472d66602da5e1f715d3ad174,controls/control-HT20-row1/carrier.png
HT20-row1-fixed,HT20-row1,9d439c482f001426f06bc658975cab1ac486b95275665c66ca0985b25d281a86,text-to-image,fixed,log_rank_mean,2.6584401731881084,1.7892366544736005,True,False,control-HT20-row1,0818922f8c88577c61824eca51e788eaffb8e02472d66602da5e1f715d3ad174,controls/control-HT20-row1/carrier.png
HT20-row1-gated,HT20-row1,97ea9835f48da68569b1e02e7b8e3601452c7d21231801deb524247b695f4217,text-to-image,gated,surprisal_bits_mean,3.5855692606698444,3.2373981223776065,True,False,control-HT20-row1,0818922f8c88577c61824eca51e788eaffb8e02472d66602da5e1f715d3ad174,controls/control-HT20-row1/carrier.png
HT20-row1-gated,HT20-row1,97ea9835f48da68569b1e02e7b8e3601452c7d21231801deb524247b695f4217,text-to-image,gated,log_rank_mean,1.9908987074559201,1.7892366544736005,True,False,control-HT20-row1,0818922f8c88577c61824eca51e788eaffb8e02472d66602da5e1f715d3ad174,controls/control-HT20-row1/carrier.png
HT20-row1-arithmetic,HT20-row1,dad643d8af7352afcc847fce7b035616fc385dd57ca304ef387cba465735280d,text-to-image,arithmetic,surprisal_bits_mean,4.287567975787315,3.2373981223776065,True,False,control-HT20-row1,0818922f8c88577c61824eca51e788eaffb8e02472d66602da5e1f715d3ad174,controls/control-HT20-row1/carrier.png
HT20-row1-arithmetic,HT20-row1,dad643d8af7352afcc847fce7b035616fc385dd57ca304ef387cba465735280d,text-to-image,arithmetic,log_rank_mean,2.605637495269692,1.7892366544736005,True,False,control-HT20-row1,0818922f8c88577c61824eca51e788eaffb8e02472d66602da5e1f715d3ad174,controls/control-HT20-row1/carrier.png
