work_id,group,split,arm,source_sha256,source_bytes,cover_sha256,carrier_sha256,recovered_sha256,exact_recovery,packet_complete,carrier_complete,authenticated,rank_streams_equal,sender_job,receiver_job,sender_seconds,receiver_seconds,sender_phase_seconds,receiver_phase_seconds,packet_pairing_verified,failure,mse,psnr_db,ssim,max_channel_change,changed_pixel_fraction,changed_channel_fraction,coarse_invariant,png_bytes,pair_seconds,packet_bits_per_pixel,useful_bits_per_pixel,partition_disagreement,nonidentical_partitions,model_calls_sender,model_calls_receiver
development-2092-model_rank,development-2092,development,model_rank,47258d9e1a4712d88e55707a6f17fd308307ff398340ad5206efb249d27f1bcf,32,056c79bf891f29e9a0e87df401bef8f9b9a1d6c320750748ac57ede249a4055c,11fddcb8dc3dc1a9b5e95435c5f95e4ec81843124d697a97c36de1c1a59208e3,47258d9e1a4712d88e55707a6f17fd308307ff398340ad5206efb249d27f1bcf,True,True,True,True,True,cover_rank_v1-002-development-2092-model_rank-sender,cover_rank_v1-003-development-2092-model_rank-receiver,7.157348637003452,6.91303243895527,2.168244694999885,2.0086080380133353,True,,0.006378173828125,70.08384009716575,0.9999357667110899,2,0.018402099609375,0.0063629150390625,True,84404,14.070381075958721,0.03564453125,0.00390625,0.4495130565068493,2336,64,64
development-2092-parity,development-2092,development,parity,47258d9e1a4712d88e55707a6f17fd308307ff398340ad5206efb249d27f1bcf,32,056c79bf891f29e9a0e87df401bef8f9b9a1d6c320750748ac57ede249a4055c,cda45d41bcde2862f17a61994b1b8ea66d54672f609e67830dce780292f90b4a,47258d9e1a4712d88e55707a6f17fd308307ff398340ad5206efb249d27f1bcf,True,True,True,True,True,cover_rank_v1-004-development-2092-parity-sender,cover_rank_v1-005-development-2092-parity-receiver,0.8431588370003738,0.6933617779868655,0.16330662497784942,0.008327392977662385,True,,0.0060577392578125,70.30769784728494,0.9999407757586766,1,0.0181732177734375,0.0060577392578125,True,84249,1.5365206149872392,0.03564453125,0.00390625,,,0,0
development-8049-model_rank,development-8049,development,model_rank,e80c80b035e913107422ce0e724f84e1de092408b08af0282758c27c8fd06458,48,9cb32c7bbee83c8b14d51e0321d550fce84443335115f5dbcc48d788114f1c3a,dbacac68c1d00238f1020ef0f536ce97f614ba1013c05a7ff447102e5acd1cb2,e80c80b035e913107422ce0e724f84e1de092408b08af0282758c27c8fd06458,True,True,True,True,True,cover_rank_v1-006-development-8049-model_rank-sender,cover_rank_v1-007-development-8049-model_rank-receiver,7.052931434998754,6.957541035953909,2.09849862603005,1.9789208340225741,True,,0.005925496419270833,70.40355620849235,0.9999370784808579,1,0.0171966552734375,0.005925496419270833,True,89240,14.010472470952664,0.03564453125,0.005859375,0.4501284246575342,2336,64,64
development-8049-parity,development-8049,development,parity,e80c80b035e913107422ce0e724f84e1de092408b08af0282758c27c8fd06458,48,9cb32c7bbee83c8b14d51e0321d550fce84443335115f5dbcc48d788114f1c3a,87ecc9cb5d08f672ea05e30e7a7a1930b68290e1be87ac67a1e99bbb94470618,e80c80b035e913107422ce0e724f84e1de092408b08af0282758c27c8fd06458,True,True,True,True,True,cover_rank_v1-008-development-8049-parity-sender,cover_rank_v1-009-development-8049-parity-receiver,0.8490665759891272,0.6455424539744854,0.14227937400573865,0.008191985019948334,True,,0.006072998046875,70.29677219417921,0.9999356588083247,1,0.018218994140625,0.006072998046875,True,89256,1.4946090299636126,0.03564453125,0.005859375,,,0,0
development-8143-model_rank,development-8143,development,model_rank,a6080eafb8968767781ec090129e2a3b6ba05deb30a6a469f02988adc8cde54f,64,f069590288fd25bb95f959490ede37fa7cf713706381d8e69b0e2264808b8f3a,d0933c8717e2bf80309a70aa8f22e6cf9e1b55226c4807cdf74df11e022c7ebe,a6080eafb8968767781ec090129e2a3b6ba05deb30a6a469f02988adc8cde54f,True,True,True,True,True,cover_rank_v1-010-development-8143-model_rank-sender,cover_rank_v1-011-development-8143-model_rank-receiver,6.954660743998829,6.968069850991014,2.116915756952949,1.99228506203508,True,,0.006215413411458333,70.19610340304736,0.9999927046970521,2,0.017913818359375,0.006200154622395833,True,158091,13.922730594989844,0.03564453125,0.0078125,0.4481752996575342,2336,64,64
development-8143-parity,development-8143,development,parity,a6080eafb8968767781ec090129e2a3b6ba05deb30a6a469f02988adc8cde54f,64,f069590288fd25bb95f959490ede37fa7cf713706381d8e69b0e2264808b8f3a,f7a2d5f00f3c37d4c69789f3e5461789a96835914bba6a91dd06f6d8d256b257,a6080eafb8968767781ec090129e2a3b6ba05deb30a6a469f02988adc8cde54f,True,True,True,True,True,cover_rank_v1-012-development-8143-parity-sender,cover_rank_v1-013-development-8143-parity-receiver,0.7936606600414962,0.7444142960011959,0.14472038100939244,0.00865229603368789,True,,0.005961100260416667,70.377539345292,0.9999931719876147,1,0.01788330078125,0.005961100260416667,True,158086,1.538074956042692,0.03564453125,0.0078125,,,0,0
development-12003-model_rank,development-12003,development,model_rank,483b7ced50ff56ca8ed071453e70c09689e28e15f881799080701e38859c2834,96,dc08951eef961ad22980cbc55787e53ed3fc0dfa5576137594d124f77f2ff996,ff374159b30102aec280fa7f5f6170a791e60fe88ea5f806690b6b0ae880c5fa,483b7ced50ff56ca8ed071453e70c09689e28e15f881799080701e38859c2834,True,True,True,True,True,cover_rank_v1-014-development-12003-model_rank-sender,cover_rank_v1-015-development-12003-model_rank-receiver,6.953570428013336,6.813627841009293,2.0608791160047986,1.897923234035261,True,,0.0063323974609375,70.11512194779516,0.9999724301437559,1,0.018218994140625,0.0063323974609375,True,125549,13.767198269022629,0.03564453125,0.01171875,0.4483893407534247,2336,64,64
development-12003-parity,development-12003,development,parity,483b7ced50ff56ca8ed071453e70c09689e28e15f881799080701e38859c2834,96,dc08951eef961ad22980cbc55787e53ed3fc0dfa5576137594d124f77f2ff996,80da9823d8c0ab6776dc4bcab1b92e0e98ee7113a9605de170173d55b55c6e81,483b7ced50ff56ca8ed071453e70c09689e28e15f881799080701e38859c2834,True,True,True,True,True,cover_rank_v1-016-development-12003-parity-sender,cover_rank_v1-017-development-12003-parity-receiver,0.7979898910271004,0.697092228976544,0.11850869900081307,0.007974514039233327,True,,0.005915323893229167,70.41101831482823,0.9999743128491895,1,0.0177459716796875,0.005915323893229167,True,125550,1.4950821200036444,0.03564453125,0.01171875,,,0,0
development-12074-model_rank,development-12074,development,model_rank,f013f5c7858734e13dab17fb7d5e75dfdee53e04bdf3f01517ba8f3ad3780bf8,128,c3893a0fc2de0687e142b61a362512ce7b13d91c1ad023d3eaf443749ad53318,43ca69c9ac117ca5e02499ebd73dca5679322c4f69963cfe1614ded86887154b,f013f5c7858734e13dab17fb7d5e75dfdee53e04bdf3f01517ba8f3ad3780bf8,True,True,True,True,True,cover_rank_v1-018-development-12074-model_rank-sender,cover_rank_v1-019-development-12074-model_rank-receiver,6.808055731991772,6.957812171021942,2.0091041430132464,2.011168938013725,True,,0.006251017252604167,70.17129663324818,0.9999643691642963,1,0.018280029296875,0.006251017252604167,True,119402,13.765867903013714,0.03564453125,0.015625,0.4501551797945205,2336,64,64
development-12074-parity,development-12074,development,parity,f013f5c7858734e13dab17fb7d5e75dfdee53e04bdf3f01517ba8f3ad3780bf8,128,c3893a0fc2de0687e142b61a362512ce7b13d91c1ad023d3eaf443749ad53318,fe7927aafd25d477fd9cfa36cf00447969a6819097fdb17ae8ebb6e6b02c4d4d,f013f5c7858734e13dab17fb7d5e75dfdee53e04bdf3f01517ba8f3ad3780bf8,True,True,True,True,True,cover_rank_v1-020-development-12074-parity-sender,cover_rank_v1-021-development-12074-parity-receiver,0.8451815519947559,0.7005302379839122,0.1450348799698986,0.008413297007791698,True,,0.0059814453125,70.36274224471153,0.9999667849295663,1,0.0179443359375,0.0059814453125,True,119427,1.545711789978668,0.03564453125,0.015625,,,0,0
development-15004-model_rank,development-15004,development,model_rank,c448ebd6168fe1e0ea249d1152f74c2988afd24ded5e66f217d05670d6538fc8,62,a83b26e2e5175404732baca516be11da2a8535f771ebbbc7209ecea032df613d,d51152a493e86dcaefa2e5dca8cb8a79d9ee28435f4655f6e04f4fbc8237ce89,c448ebd6168fe1e0ea249d1152f74c2988afd24ded5e66f217d05670d6538fc8,True,True,True,True,True,cover_rank_v1-022-development-15004-model_rank-sender,cover_rank_v1-023-development-15004-model_rank-receiver,7.058720762957819,6.806993815000169,2.122084545029793,1.934820624999702,True,,0.00634765625,70.10466960864866,0.9999760370166628,1,0.018310546875,0.00634765625,True,134082,13.865714577957988,0.03564453125,0.007568359375,0.4475197988013699,2336,64,64
development-15004-parity,development-15004,development,parity,c448ebd6168fe1e0ea249d1152f74c2988afd24ded5e66f217d05670d6538fc8,62,a83b26e2e5175404732baca516be11da2a8535f771ebbbc7209ecea032df613d,0b13047aa29b86e42315c2892e04a0151cb2a1003764b38aa4b7591351108330,c448ebd6168fe1e0ea249d1152f74c2988afd24ded5e66f217d05670d6538fc8,True,True,True,True,True,cover_rank_v1-024-development-15004-parity-sender,cover_rank_v1-025-development-15004-parity-receiver,0.8909040230209939,0.6947737139998935,0.14659276697784662,0.008889151969924569,True,,0.005879720052083333,70.43723712126761,0.9999789758691552,1,0.01763916015625,0.005879720052083333,True,134041,1.5856777370208874,0.03564453125,0.007568359375,,,0,0
heldout-2018-model_rank,heldout-2018,heldout,model_rank,525c78614e7a05d02c1e1fd1e39c0e483db227b73f37910c4e9e23ceb0cc9751,63,72f5df6e797e47e379444edda5be2fbc2b973aed979217afe64eec4a22a7e097,5f22b894e0208ce383ccff179debf8e7e0dcae4ef740ea52b5719c043f2de5f8,525c78614e7a05d02c1e1fd1e39c0e483db227b73f37910c4e9e23ceb0cc9751,True,True,True,True,True,cover_rank_v1-032-heldout-2018-model_rank-sender,cover_rank_v1-033-heldout-2018-model_rank-receiver,6.958498802036047,6.856725341989659,2.072973240050487,1.9351900750189088,True,,0.006337483723958333,70.11163503888122,0.9999769086465992,1,0.018463134765625,0.006337483723958333,True,137178,13.815224144025706,0.03564453125,0.0076904296875,0.4471719820205479,2336,64,64
heldout-2018-parity,heldout-2018,heldout,parity,525c78614e7a05d02c1e1fd1e39c0e483db227b73f37910c4e9e23ceb0cc9751,63,72f5df6e797e47e379444edda5be2fbc2b973aed979217afe64eec4a22a7e097,9d8989d5411b49d609ec1ea1bc5ffa44cdc771b47f74f2f02cc2e5af836ad2aa,525c78614e7a05d02c1e1fd1e39c0e483db227b73f37910c4e9e23ceb0cc9751,True,True,True,True,True,cover_rank_v1-034-heldout-2018-parity-sender,cover_rank_v1-035-heldout-2018-parity-receiver,0.7897801590152085,0.7025297980289906,0.14370064600370824,0.007853498042095453,True,,0.0059661865234375,70.37383534095743,0.9999788959346282,1,0.0178985595703125,0.0059661865234375,True,137088,1.492309957044199,0.03564453125,0.0076904296875,,,0,0
heldout-3063-model_rank,heldout-3063,heldout,model_rank,85fe1c976accd1d7bed549bce82d2feff62b804643a1f39ca0afc2fb6148d0a3,59,3c45a945ce537c946bdf676d9df367c557e12403f0352e75b55916975fdf4d64,6cb4781f1f22e6901d36c0acf40cccfe2396f8f655825e18c9ac3cf673246543,85fe1c976accd1d7bed549bce82d2feff62b804643a1f39ca0afc2fb6148d0a3,True,True,True,True,True,cover_rank_v1-036-heldout-3063-model_rank-sender,cover_rank_v1-037-heldout-3063-model_rank-receiver,6.9595682839863,6.957241854979657,2.0920294059906155,2.0010637150262482,True,,0.005961100260416667,70.377539345292,0.999944569688323,1,0.01739501953125,0.005961100260416667,True,86455,13.916810138965957,0.03564453125,0.0072021484375,0.4491786172945205,2336,64,64
heldout-3063-parity,heldout-3063,heldout,parity,85fe1c976accd1d7bed549bce82d2feff62b804643a1f39ca0afc2fb6148d0a3,59,3c45a945ce537c946bdf676d9df367c557e12403f0352e75b55916975fdf4d64,c4baee94e3cbef708c4ec527c39557671bfe6682d90d65e5c117ebe3ea486423,85fe1c976accd1d7bed549bce82d2feff62b804643a1f39ca0afc2fb6148d0a3,True,True,True,True,True,cover_rank_v1-038-heldout-3063-parity-sender,cover_rank_v1-039-heldout-3063-parity-receiver,0.8413653540192172,0.7903835349716246,0.15219469601288438,0.010395063960459083,True,,0.005823771158854167,70.47876059535365,0.9999483431623163,1,0.0174713134765625,0.005823771158854167,True,86453,1.6317488889908418,0.03564453125,0.0072021484375,,,0,0
heldout-5096-model_rank,heldout-5096,heldout,model_rank,98ec2eca0d7eacaa50d02de5c31393a69163beded7e1c74cd96b24370164ca42,63,eb04995e99bd363289142d966a46d0db1f34cba3ab0a38d148b7916ae6e071bd,0191828a441b3ff17b11ce549e44ce849d366936386f195c3340fba63448b817,98ec2eca0d7eacaa50d02de5c31393a69163beded7e1c74cd96b24370164ca42,True,True,True,True,True,cover_rank_v1-040-heldout-5096-model_rank-sender,cover_rank_v1-041-heldout-5096-model_rank-receiver,6.960860994993709,6.806664836010896,2.022977393004112,1.9542242499883287,True,,0.006266276041666667,70.16070838382865,0.9999620219728413,1,0.0180511474609375,0.006266276041666667,True,111384,13.767525831004605,0.03564453125,0.0076904296875,0.4481084118150685,2336,64,64
heldout-5096-parity,heldout-5096,heldout,parity,98ec2eca0d7eacaa50d02de5c31393a69163beded7e1c74cd96b24370164ca42,63,eb04995e99bd363289142d966a46d0db1f34cba3ab0a38d148b7916ae6e071bd,6f7baeded4a917c8abad2c2c277c4fc6605a2cd3fb18ebb39a87df77b37dc214,98ec2eca0d7eacaa50d02de5c31393a69163beded7e1c74cd96b24370164ca42,True,True,True,True,True,cover_rank_v1-042-heldout-5096-parity-sender,cover_rank_v1-043-heldout-5096-parity-receiver,0.7966191149898805,0.6394239249639213,0.14672237902414054,0.008255193999502808,True,,0.0059051513671875,70.41849326472698,0.9999637226220767,1,0.0177154541015625,0.0059051513671875,True,111342,1.4360430399538018,0.03564453125,0.0076904296875,,,0,0
heldout-6046-model_rank,heldout-6046,heldout,model_rank,31e226f9712d66ec52ead5909ff36b5162d4c63ab017eb6d6421a4509b944f4e,62,b8b626083cd286c1d882c6b2df218c9c52a28dab542c812692c3e9ac7dbe9e9c,439adce7044d5b7740c55649af7efeeab914ecab582594a9e0ca833c0800af83,31e226f9712d66ec52ead5909ff36b5162d4c63ab017eb6d6421a4509b944f4e,True,True,True,True,True,cover_rank_v1-044-heldout-6046-model_rank-sender,cover_rank_v1-045-heldout-6046-model_rank-receiver,7.107050417980645,6.9081607080297545,2.1446364789735526,2.028000885969959,True,,0.006072998046875,70.29677219417921,0.9999868406716605,1,0.0176544189453125,0.006072998046875,True,141765,14.0152111260104,0.03564453125,0.007568359375,0.4480013912671233,2336,64,64
heldout-6046-parity,heldout-6046,heldout,parity,31e226f9712d66ec52ead5909ff36b5162d4c63ab017eb6d6421a4509b944f4e,62,b8b626083cd286c1d882c6b2df218c9c52a28dab542c812692c3e9ac7dbe9e9c,7adb38b9d7ebb04118d510526caa1e55b120a3e0c815fef5c740890a5ed58d18,31e226f9712d66ec52ead5909ff36b5162d4c63ab017eb6d6421a4509b944f4e,True,True,True,True,True,cover_rank_v1-046-heldout-6046-parity-sender,cover_rank_v1-047-heldout-6046-parity-receiver,0.8397936910041608,0.6312174630002119,0.1546796839684248,0.008313607017043978,True,,0.006052652994791667,70.31134584818741,0.9999871150408114,1,0.018157958984375,0.006052652994791667,True,141775,1.4710111540043727,0.03564453125,0.007568359375,,,0,0
heldout-8068-model_rank,heldout-8068,heldout,model_rank,64028841311fe292a4c6f79746414c2f3f32f502463f7ab08f91654a0ace2848,63,a79768b3fa9b5c44c1c3bb186fff3791560f91160d711f6717026ea48248ffc1,3b887ac50449f3fb928694d54a59a39f4832dc3d5d8afc9eb9c55101c7e47f11,64028841311fe292a4c6f79746414c2f3f32f502463f7ab08f91654a0ace2848,True,True,True,True,True,cover_rank_v1-048-heldout-8068-model_rank-sender,cover_rank_v1-049-heldout-8068-model_rank-receiver,7.044378900027368,6.907041564001702,2.120978513965383,2.022286980994977,True,,0.006266276041666667,70.16070838382865,0.9999529435759702,1,0.018096923828125,0.006266276041666667,True,93244,13.95142046402907,0.03564453125,0.0076904296875,0.4482154323630137,2336,64,64
heldout-8068-parity,heldout-8068,heldout,parity,64028841311fe292a4c6f79746414c2f3f32f502463f7ab08f91654a0ace2848,63,a79768b3fa9b5c44c1c3bb186fff3791560f91160d711f6717026ea48248ffc1,5285c9f7f9df586870ef87786cb30154e1ee0cd543fb1866f4e3200d33e90ffd,64028841311fe292a4c6f79746414c2f3f32f502463f7ab08f91654a0ace2848,True,True,True,True,True,cover_rank_v1-050-heldout-8068-parity-sender,cover_rank_v1-051-heldout-8068-parity-receiver,0.8933988100034185,0.6917256720480509,0.1538659410434775,0.007907071034424007,True,,0.0060577392578125,70.30769784728494,0.9999554511903311,1,0.0181732177734375,0.0060577392578125,True,93165,1.5851244820514694,0.03564453125,0.0076904296875,,,0,0
heldout-10081-model_rank,heldout-10081,heldout,model_rank,13eac85c080f565027e0c08eb6e4a57e0a3430ff64212a7f9ae0b75bd654532f,58,dfdae463f1aa8ee4520a81e7ba764e5e2d048459c3684acda4a99d63a21d6ffe,2cf44386e98abd410dacfa97375eedb9d7664f793718f2d0f564a96f91cf899c,13eac85c080f565027e0c08eb6e4a57e0a3430ff64212a7f9ae0b75bd654532f,True,True,True,True,True,cover_rank_v1-052-heldout-10081-model_rank-sender,cover_rank_v1-053-heldout-10081-model_rank-receiver,7.058157773979474,7.004304164031055,2.22028222103836,1.9828612640267238,True,,0.0062408447265625,70.17836983484267,0.9999552831436848,1,0.0181884765625,0.0062408447265625,True,93037,14.062461938010529,0.03564453125,0.007080078125,0.4511584974315068,2336,64,64
heldout-10081-parity,heldout-10081,heldout,parity,13eac85c080f565027e0c08eb6e4a57e0a3430ff64212a7f9ae0b75bd654532f,58,dfdae463f1aa8ee4520a81e7ba764e5e2d048459c3684acda4a99d63a21d6ffe,0502c6813a52107132963c0cc3b18f36db14abdafe2cf15b78692172c304ffb6,13eac85c080f565027e0c08eb6e4a57e0a3430ff64212a7f9ae0b75bd654532f,True,True,True,True,True,cover_rank_v1-054-heldout-10081-parity-sender,cover_rank_v1-055-heldout-10081-parity-receiver,0.8447794080129825,0.6403580699698068,0.14367985603166744,0.007692963001318276,True,,0.005849202473958333,70.4598370585766,0.9999571926484139,1,0.017547607421875,0.005849202473958333,True,93094,1.4851374779827893,0.03564453125,0.007080078125,,,0,0
heldout-14085-model_rank,heldout-14085,heldout,model_rank,0bcc108da3c92ed2b44ed389f17da5f57c43643e7a932c44552b3f6c0e1a8785,61,a41da22c7367b4528063924a0188dc0e0e69bdc871b56a098db6f4a15b1195cd,468ce210a1767bdfa96752e7e3c56463523428668f4367aa87106c22855c84a0,0bcc108da3c92ed2b44ed389f17da5f57c43643e7a932c44552b3f6c0e1a8785,True,True,True,True,True,cover_rank_v1-056-heldout-14085-model_rank-sender,cover_rank_v1-057-heldout-14085-model_rank-receiver,6.909236620005686,6.856935667979997,2.0600101739983074,2.003042293014005,True,,0.006083170572916667,70.2895036655888,0.9999674995661927,1,0.0175323486328125,0.006083170572916667,True,115556,13.766172287985682,0.03564453125,0.0074462890625,0.4489110659246575,2336,64,64
heldout-14085-parity,heldout-14085,heldout,parity,0bcc108da3c92ed2b44ed389f17da5f57c43643e7a932c44552b3f6c0e1a8785,61,a41da22c7367b4528063924a0188dc0e0e69bdc871b56a098db6f4a15b1195cd,d88ddfd6674c5bf498936f62251439d86f238c3adbe91a4b9fb8fd71b756e3be,0bcc108da3c92ed2b44ed389f17da5f57c43643e7a932c44552b3f6c0e1a8785,True,True,True,True,True,cover_rank_v1-058-heldout-14085-parity-sender,cover_rank_v1-059-heldout-14085-parity-receiver,0.7899995840271004,0.6907908099819906,0.14280809101182967,0.008242743031587452,True,,0.005956013997395833,70.3812465113891,0.9999712014919059,1,0.0178680419921875,0.005956013997395833,True,115477,1.480790394009091,0.03564453125,0.0074462890625,,,0,0
heldout-14092-model_rank,heldout-14092,heldout,model_rank,d32ff286d8a89214b0ff03c9e18c8ae42add44ec18851732420cbaf67d47cbf5,62,68d63faac243fa3fc6b54e2f9a6e53cae1d22ee60e12e56e017a04e6c9fd372f,69b831496e10f65d5a8165aa8e871bae2c3462902ca9ce7dc1af64150457c389,d32ff286d8a89214b0ff03c9e18c8ae42add44ec18851732420cbaf67d47cbf5,True,True,True,True,True,cover_rank_v1-060-heldout-14092-model_rank-sender,cover_rank_v1-061-heldout-14092-model_rank-receiver,7.00280473701423,7.060634157038294,2.1068740540067665,2.0516619799891487,True,,0.005803426106770833,70.49395901793058,0.9999808568992651,1,0.0168914794921875,0.005803426106770833,True,124907,14.063438894052524,0.03564453125,0.007568359375,0.4478408604452055,2336,64,64
heldout-14092-parity,heldout-14092,heldout,parity,d32ff286d8a89214b0ff03c9e18c8ae42add44ec18851732420cbaf67d47cbf5,62,68d63faac243fa3fc6b54e2f9a6e53cae1d22ee60e12e56e017a04e6c9fd372f,e31dbad492679c4fb5da35c6b0869704d56c269eb9ff0baf576f62c75d68cbd7,d32ff286d8a89214b0ff03c9e18c8ae42add44ec18851732420cbaf67d47cbf5,True,True,True,True,True,cover_rank_v1-062-heldout-14092-parity-sender,cover_rank_v1-063-heldout-14092-parity-receiver,0.9421990179689601,0.6905605819774792,0.1421341790119186,0.008509289007633924,True,,0.006017049153645833,70.33696801583342,0.999982290724592,1,0.0180511474609375,0.006017049153645833,True,124990,1.6327595999464393,0.03564453125,0.007568359375,,,0,0
heldout-15011-model_rank,heldout-15011,heldout,model_rank,6a088fc93fdb230de31d998760e500185e0136db1a3e9317a3240dd995e2d7d1,60,c4ddc234ef6f096a5722b82a6dec8094676a428493c30705fb7b2b54ccb965d3,d4da1816610860aae2f1b9be674b1f29e6199091d661855dfe588f90335d0d8d,6a088fc93fdb230de31d998760e500185e0136db1a3e9317a3240dd995e2d7d1,True,True,True,True,True,cover_rank_v1-064-heldout-15011-model_rank-sender,cover_rank_v1-065-heldout-15011-model_rank-receiver,6.855540045013186,6.95350102399243,2.109296413953416,1.9650047640316188,True,,0.006078084309895833,70.29313640927116,0.9999719518302523,2,0.0174560546875,0.006062825520833333,True,124419,13.809041069005616,0.03564453125,0.00732421875,0.4486167594178082,2336,64,64
heldout-15011-parity,heldout-15011,heldout,parity,6a088fc93fdb230de31d998760e500185e0136db1a3e9317a3240dd995e2d7d1,60,c4ddc234ef6f096a5722b82a6dec8094676a428493c30705fb7b2b54ccb965d3,1e8c4b5d2c6714db24afd57fc005bfb953dcf50fa80d6d6fc62d518d1dc5779b,6a088fc93fdb230de31d998760e500185e0136db1a3e9317a3240dd995e2d7d1,True,True,True,True,True,cover_rank_v1-066-heldout-15011-parity-sender,cover_rank_v1-067-heldout-15011-parity-receiver,0.7277590380399488,0.69068017200334,0.14675482700113207,0.008982227009255439,True,,0.006032307942708333,70.32596857183029,0.9999737213802365,1,0.018096923828125,0.006032307942708333,True,124456,1.4184392100432888,0.03564453125,0.00732421875,,,0,0
heldout-15062-model_rank,heldout-15062,heldout,model_rank,f80e89fe3fbd42d706af32b81f5b689e1de2ce6f19dd26772221d0cb84a3f3ec,64,4a4151317831865622a411b608d9b877f561a669a2792b4b163ed2a2d634a4be,d102ff4ea53a4239277f7bf46cf3a7f6fd28c90133e01c3e0fdabcf92093c102,f80e89fe3fbd42d706af32b81f5b689e1de2ce6f19dd26772221d0cb84a3f3ec,True,True,True,True,True,cover_rank_v1-068-heldout-15062-model_rank-sender,cover_rank_v1-069-heldout-15062-model_rank-receiver,7.11031624203315,6.9039757089922205,2.145504456013441,1.9996755010215566,True,,0.006368001302083333,70.0907721733686,0.9999784946546595,1,0.0185394287109375,0.006368001302083333,True,136749,14.01429195102537,0.03564453125,0.0078125,0.4478274828767123,2336,64,64
heldout-15062-parity,heldout-15062,heldout,parity,f80e89fe3fbd42d706af32b81f5b689e1de2ce6f19dd26772221d0cb84a3f3ec,64,4a4151317831865622a411b608d9b877f561a669a2792b4b163ed2a2d634a4be,7dc11e7a2ee541532928ed61ec32e6908a9538168cbd86ff5f606be5b64973ba,f80e89fe3fbd42d706af32b81f5b689e1de2ce6f19dd26772221d0cb84a3f3ec,True,True,True,True,True,cover_rank_v1-070-heldout-15062-parity-sender,cover_rank_v1-071-heldout-15062-parity-receiver,0.7930318939615972,0.6449113420094363,0.14286733197513968,0.008075318008195609,True,,0.005650838216145833,70.60967487270405,0.9999813611462702,1,0.0169525146484375,0.005650838216145833,True,136681,1.4379432359710336,0.03564453125,0.0078125,,,0,0
heldout-16004-model_rank,heldout-16004,heldout,model_rank,10930daad5e3ff45fa2dab4d556af9f92192cf545bc0679f849a390c630370e5,126,de19058ddc2a0f5f4a2e0e35d8ab117e8aea1da3efbbf43024d94886f95db558,287a7f71897a1060f0b8351d79cb04fe0f785e7d592c33215bb12bfa21b48acb,10930daad5e3ff45fa2dab4d556af9f92192cf545bc0679f849a390c630370e5,True,True,True,True,True,cover_rank_v1-072-heldout-16004-model_rank-sender,cover_rank_v1-073-heldout-16004-model_rank-receiver,7.107626507990062,6.744755475025158,2.124053715961054,1.9855953480000608,True,,0.0059967041015625,70.35167741116183,0.9999653958667157,1,0.017425537109375,0.0059967041015625,True,117332,13.85238198301522,0.03564453125,0.015380859375,0.4495665667808219,2336,64,64
heldout-16004-parity,heldout-16004,heldout,parity,10930daad5e3ff45fa2dab4d556af9f92192cf545bc0679f849a390c630370e5,126,de19058ddc2a0f5f4a2e0e35d8ab117e8aea1da3efbbf43024d94886f95db558,55d6f1829db27010ffc98f88ce746ab494ce6bd9d64bb6a882a77dcd9cbb886a,10930daad5e3ff45fa2dab4d556af9f92192cf545bc0679f849a390c630370e5,True,True,True,True,True,cover_rank_v1-074-heldout-16004-parity-sender,cover_rank_v1-075-heldout-16004-parity-receiver,0.8424315960146487,0.6923624030314386,0.15552404802292585,0.008196796989068389,True,,0.005945841471354167,70.38867035049432,0.9999676972665915,1,0.0178375244140625,0.005945841471354167,True,117312,1.5347939990460873,0.03564453125,0.015380859375,,,0,0
heldout-16068-model_rank,heldout-16068,heldout,model_rank,135d4bd11c99eedecf75d0777cf252f5a3486caf8cc5b8eccc8cfe9e8242b24c,126,07eb1fa95e72700385d59a988f0defcd99fe361a70edffc4d5496d6a97e19a27,a9def90ffa993435d559b3ec6e253048dc8f44af11c8b9d8a2c0b6e7a0442b65,135d4bd11c99eedecf75d0777cf252f5a3486caf8cc5b8eccc8cfe9e8242b24c,True,True,True,True,True,cover_rank_v1-076-heldout-16068-model_rank-sender,cover_rank_v1-077-heldout-16068-model_rank-receiver,7.110274217964616,6.903584147978108,2.1632637180155143,1.9882278990116902,True,,0.006113688151041667,70.26777078544552,0.9999780486339481,1,0.017822265625,0.006113688151041667,True,135703,14.013858365942724,0.03564453125,0.015380859375,0.4479211258561644,2336,64,64
heldout-16068-parity,heldout-16068,heldout,parity,135d4bd11c99eedecf75d0777cf252f5a3486caf8cc5b8eccc8cfe9e8242b24c,126,07eb1fa95e72700385d59a988f0defcd99fe361a70edffc4d5496d6a97e19a27,7abe573682d9015e94188b9cf1db0f1d4b62075730c46d0d61924b055fb5d49f,135d4bd11c99eedecf75d0777cf252f5a3486caf8cc5b8eccc8cfe9e8242b24c,True,True,True,True,True,cover_rank_v1-078-heldout-16068-parity-sender,cover_rank_v1-079-heldout-16068-parity-receiver,0.7921919380314648,0.6209965070011094,0.1438285000040196,0.00805051700444892,True,,0.005961100260416667,70.377539345292,0.9999798004963764,1,0.01788330078125,0.005961100260416667,True,135730,1.4131884450325742,0.03564453125,0.015380859375,,,0,0
heldout-17067-model_rank,heldout-17067,heldout,model_rank,5ac92af0a907a51de75e4e10f81b411c6ebebeeef3ee2a98eb2b970cf321496d,128,915d25616f753aa6c3f7de6d34ad0ec72ee108f40acfac5eb49d0c78fd92496e,6bec63598e70840546d3a94d2168cbdf406497dae09294c8c280a0cf91833f3c,5ac92af0a907a51de75e4e10f81b411c6ebebeeef3ee2a98eb2b970cf321496d,True,True,True,True,True,cover_rank_v1-080-heldout-17067-model_rank-sender,cover_rank_v1-081-heldout-17067-model_rank-receiver,7.056659743015189,6.691339708981104,2.162774585012812,1.999120767985005,True,,0.006169637044270833,70.228207453447,0.9999857189227024,1,0.0179443359375,0.006169637044270833,True,133068,13.747999451996293,0.03564453125,0.015625,0.4480415239726027,2336,64,64
heldout-17067-parity,heldout-17067,heldout,parity,5ac92af0a907a51de75e4e10f81b411c6ebebeeef3ee2a98eb2b970cf321496d,128,915d25616f753aa6c3f7de6d34ad0ec72ee108f40acfac5eb49d0c78fd92496e,31de24ad1d07b8cbfc28edaada276f3b30cc797a5a81b48ed276a899955e4296,5ac92af0a907a51de75e4e10f81b411c6ebebeeef3ee2a98eb2b970cf321496d,True,True,True,True,True,cover_rank_v1-082-heldout-17067-parity-sender,cover_rank_v1-083-heldout-17067-parity-receiver,0.7428049010341056,0.6910410720156506,0.14723707304801792,0.008032760990317911,True,,0.005986531575520833,70.35905083367838,0.9999866051635626,1,0.0179595947265625,0.005986531575520833,True,133168,1.4338459730497561,0.03564453125,0.015625,,,0,0
heldout-20069-model_rank,heldout-20069,heldout,model_rank,b408bdf90db3f13e605d929c7f9ec56cce9f725c9867afd2835172cc0db9e24e,127,d14cf2e7491c01b69d1a7961880dbed78d5a6a97d3efc655b313f757b96055bb,cd21e079af82a797016aedce9f4bdfe4303758571f8863ad5c42a04065ac379a,b408bdf90db3f13e605d929c7f9ec56cce9f725c9867afd2835172cc0db9e24e,True,True,True,True,True,cover_rank_v1-084-heldout-20069-model_rank-sender,cover_rank_v1-085-heldout-20069-model_rank-receiver,6.955318138003349,6.8036096669966355,2.1253218239871785,1.9633508499828167,True,,0.006266276041666667,70.16070838382865,0.9999514161060074,1,0.0182342529296875,0.006266276041666667,True,102460,13.758927804999985,0.03564453125,0.0155029296875,0.4485364940068493,2336,64,64
heldout-20069-parity,heldout-20069,heldout,parity,b408bdf90db3f13e605d929c7f9ec56cce9f725c9867afd2835172cc0db9e24e,127,d14cf2e7491c01b69d1a7961880dbed78d5a6a97d3efc655b313f757b96055bb,d28eb77b0cbb2ef88f41d70b78c0a4dbddf2fc64b7dd1e652ca1c5eef3182f05,b408bdf90db3f13e605d929c7f9ec56cce9f725c9867afd2835172cc0db9e24e,True,True,True,True,True,cover_rank_v1-086-heldout-20069-parity-sender,cover_rank_v1-087-heldout-20069-parity-receiver,0.8446872140048072,0.7430189289734699,0.14871880103601143,0.008217194001190364,True,,0.005915323893229167,70.41101831482823,0.9999541435117086,1,0.0177459716796875,0.005915323893229167,True,102433,1.587706142978277,0.03564453125,0.0155029296875,,,0,0
heldout-23050-model_rank,heldout-23050,heldout,model_rank,4bd5ecd9f9a2bd9ff572f3ed3cfc5f62159cae61605bb0b1fd140be21eb99a89,122,0a00498433e1ad93c2a34517ad8444ed58aa9b2619d628baba98e3e54611d652,543b6ab9e4593e4fbeb8982b4cbf3ed0522f95e09ceab1cc9a5d79ef57b12322,4bd5ecd9f9a2bd9ff572f3ed3cfc5f62159cae61605bb0b1fd140be21eb99a89,True,True,True,True,True,cover_rank_v1-088-heldout-23050-model_rank-sender,cover_rank_v1-089-heldout-23050-model_rank-receiver,7.053759052010719,6.805834366008639,2.1048801209544763,1.9704432939761318,True,,0.006067911783854167,70.3004110254093,0.9999722115372158,1,0.017578125,0.006067911783854167,True,122487,13.859593418019358,0.03564453125,0.014892578125,0.4485498715753425,2336,64,64
heldout-23050-parity,heldout-23050,heldout,parity,4bd5ecd9f9a2bd9ff572f3ed3cfc5f62159cae61605bb0b1fd140be21eb99a89,122,0a00498433e1ad93c2a34517ad8444ed58aa9b2619d628baba98e3e54611d652,d759ff5de0efa69ebd511266b3ad4b548ef2e759e39f40a1a665f8d5fa4bf57c,4bd5ecd9f9a2bd9ff572f3ed3cfc5f62159cae61605bb0b1fd140be21eb99a89,True,True,True,True,True,cover_rank_v1-090-heldout-23050-parity-sender,cover_rank_v1-091-heldout-23050-parity-receiver,0.8422236170154065,0.6851891450351104,0.14572975999908522,0.008368615992367268,True,,0.005859375,70.45229067124079,0.9999746336417591,1,0.017578125,0.005859375,True,122480,1.527412762050517,0.03564453125,0.014892578125,,,0,0
heldout-28083-model_rank,heldout-28083,heldout,model_rank,c99e85893a28f6adbc4340ad66c8b236be70791ed67e2f55ba817911fb06cfac,127,c1a0204032c8e2a901c97cc76e951babc5aa1c68dd25dfa008c8b941a08d1934,113b564816e8a45b358e9af5a7911c35dc52fb106f87e847ffa887cada63bac9,c99e85893a28f6adbc4340ad66c8b236be70791ed67e2f55ba817911fb06cfac,True,True,True,True,True,cover_rank_v1-092-heldout-28083-model_rank-sender,cover_rank_v1-093-heldout-28083-model_rank-receiver,6.891799169010483,6.911649645015132,2.0766758280224167,2.054088733973913,True,,0.005940755208333333,70.39238703434891,0.9999542281178675,1,0.01727294921875,0.005940755208333333,True,107181,13.803448814025614,0.03564453125,0.0155029296875,0.447800727739726,2336,64,64
heldout-28083-parity,heldout-28083,heldout,parity,c99e85893a28f6adbc4340ad66c8b236be70791ed67e2f55ba817911fb06cfac,127,c1a0204032c8e2a901c97cc76e951babc5aa1c68dd25dfa008c8b941a08d1934,6a652c05c6d84d847b14bb0f5c42bffb89fc1eec08ff808d209ab3efa39dc6db,c99e85893a28f6adbc4340ad66c8b236be70791ed67e2f55ba817911fb06cfac,True,True,True,True,True,cover_rank_v1-094-heldout-28083-parity-sender,cover_rank_v1-095-heldout-28083-parity-receiver,0.8190340279834345,0.6897471270058304,0.16761155001586303,0.00888993195258081,True,,0.0058746337890625,70.44099561983109,0.9999562162208925,1,0.0176239013671875,0.0058746337890625,True,107143,1.508781154989265,0.03564453125,0.0155029296875,,,0,0
heldout-29030-model_rank,heldout-29030,heldout,model_rank,2e42ad05776eb89fb2da41ff584ac5c4f22895816d4aafeb6f324c714b5d6e27,124,138e59c1aa20a3f30dc2575379aed0675c0e167a8f91c51c913d6e3c948fde79,1bf1d7dd430ca3fd16f15fe6d34ab61a31546f110aa027727f327ffae618482d,2e42ad05776eb89fb2da41ff584ac5c4f22895816d4aafeb6f324c714b5d6e27,True,True,True,True,True,cover_rank_v1-096-heldout-29030-model_rank-sender,cover_rank_v1-097-heldout-29030-model_rank-receiver,6.943110979977064,6.907655833987519,2.1272539360215887,1.9640969160245731,True,,0.006128946940104167,70.25694499300384,0.9999585993828739,1,0.017822265625,0.006128946940104167,True,115002,13.850766813964583,0.03564453125,0.01513671875,0.4465833690068493,2336,64,64
heldout-29030-parity,heldout-29030,heldout,parity,2e42ad05776eb89fb2da41ff584ac5c4f22895816d4aafeb6f324c714b5d6e27,124,138e59c1aa20a3f30dc2575379aed0675c0e167a8f91c51c913d6e3c948fde79,81d245ed2eba306da2de9e38d2260b89222bd0a60131cc13e555a30ea349c809,2e42ad05776eb89fb2da41ff584ac5c4f22895816d4aafeb6f324c714b5d6e27,True,True,True,True,True,cover_rank_v1-098-heldout-29030-parity-sender,cover_rank_v1-099-heldout-29030-parity-receiver,0.8414176860242151,0.6973447460331954,0.13960529200267047,0.008747373009100556,True,,0.006037394205729167,70.3223082725668,0.999962634860227,1,0.0181121826171875,0.006037394205729167,True,114982,1.5387624320574105,0.03564453125,0.01513671875,,,0,0
heldout-33044-model_rank,heldout-33044,heldout,model_rank,58ffa8d478bb35b0935c7841c645281a39d845e799275785325972962769f0e2,117,58dd16a90d85b6412696696a869422f13c937804bd8ff423377b9e9a4a18cfec,94859949f20c91ac426212974ab5ea692a2959f12a10bf8c88c5617888c11e35,58ffa8d478bb35b0935c7841c645281a39d845e799275785325972962769f0e2,True,True,True,True,True,cover_rank_v1-100-heldout-33044-model_rank-sender,cover_rank_v1-101-heldout-33044-model_rank-receiver,6.940187219996005,7.1549348720000125,2.138385740981903,1.9874263509991579,True,,0.0061492919921875,70.242552453505,0.9999873776328451,1,0.017974853515625,0.0061492919921875,True,135341,14.095122091996018,0.03564453125,0.0142822265625,0.4482154323630137,2336,64,64
heldout-33044-parity,heldout-33044,heldout,parity,58ffa8d478bb35b0935c7841c645281a39d845e799275785325972962769f0e2,117,58dd16a90d85b6412696696a869422f13c937804bd8ff423377b9e9a4a18cfec,50ae0fd976d8e70e005c46c8cdbe6b36e0067c6bf5e8b93ed788d6751407f298,58ffa8d478bb35b0935c7841c645281a39d845e799275785325972962769f0e2,True,True,True,True,True,cover_rank_v1-102-heldout-33044-parity-sender,cover_rank_v1-103-heldout-33044-parity-receiver,0.8453193390159868,0.6421036000247113,0.1458979609888047,0.009181083005387336,True,,0.006011962890625,70.34064069666036,0.9999881697391446,1,0.018035888671875,0.006011962890625,True,135355,1.4874229390406981,0.03564453125,0.0142822265625,,,0,0
heldout-35028-model_rank,heldout-35028,heldout,model_rank,7adf100acb658b558b9fd3be876c9d6af4454010152aaad95456f5e67406ac9f,124,3442ef2e8963345e77e206ad3597e82dd59d22edaa550af6b446ff96a9268177,cbb28cb46c658ccea0c1ea9efefae88b8f4def34a45f98fc76b4b61a0f52c81a,7adf100acb658b558b9fd3be876c9d6af4454010152aaad95456f5e67406ac9f,True,True,True,True,True,cover_rank_v1-104-heldout-35028-model_rank-sender,cover_rank_v1-105-heldout-35028-model_rank-receiver,7.053242877009325,6.707526200974826,2.1893997580045834,1.8280759420013055,True,,0.006184895833333333,70.21747971274556,0.9999404340435868,1,0.0178375244140625,0.006184895833333333,True,91551,13.76076907798415,0.03564453125,0.01513671875,0.4499010059931507,2336,64,64
heldout-35028-parity,heldout-35028,heldout,parity,7adf100acb658b558b9fd3be876c9d6af4454010152aaad95456f5e67406ac9f,124,3442ef2e8963345e77e206ad3597e82dd59d22edaa550af6b446ff96a9268177,bd75ae5b98c3fe1917e7ec7c7046ba2e6a276cfe58e497ddb63d4d24dbbf360d,7adf100acb658b558b9fd3be876c9d6af4454010152aaad95456f5e67406ac9f,True,True,True,True,True,cover_rank_v1-106-heldout-35028-parity-sender,cover_rank_v1-107-heldout-35028-parity-receiver,0.8460239080013707,0.7445942820049822,0.14864585100440308,0.00840496103046462,True,,0.005940755208333333,70.39238703434891,0.9999456155042923,1,0.017822265625,0.005940755208333333,True,91492,1.590618190006353,0.03564453125,0.01513671875,,,0,0
heldout-35049-model_rank,heldout-35049,heldout,model_rank,0226890939fc040b7c5e515220cc863097d08fd03c2aaeb867d79c777bdb3ae6,128,5a9efc10ebe342d0839a81a687ebb1e77bb6bc7f3d570e36f0cfdda0699a02c4,9f3a4f283d2928d6e8253d41db9ef8a658d16af7ee10811c1cc160a4b29fe7dd,0226890939fc040b7c5e515220cc863097d08fd03c2aaeb867d79c777bdb3ae6,True,True,True,True,True,cover_rank_v1-108-heldout-35049-model_rank-sender,cover_rank_v1-109-heldout-35049-model_rank-receiver,6.873237837979104,6.8404788069892675,2.1325049360166304,1.9734014309942722,True,,0.006174723307291667,70.22462859472033,0.9999574445845045,1,0.01806640625,0.006174723307291667,True,110638,13.713716644968372,0.03564453125,0.015625,0.4485632491438356,2336,64,64
heldout-35049-parity,heldout-35049,heldout,parity,0226890939fc040b7c5e515220cc863097d08fd03c2aaeb867d79c777bdb3ae6,128,5a9efc10ebe342d0839a81a687ebb1e77bb6bc7f3d570e36f0cfdda0699a02c4,cf1e8d4db618f22530c9250ad663784445331ea5b46c5c8358d07b78dceaf577,0226890939fc040b7c5e515220cc863097d08fd03c2aaeb867d79c777bdb3ae6,True,True,True,True,True,cover_rank_v1-110-heldout-35049-parity-sender,cover_rank_v1-111-heldout-35049-parity-receiver,0.7864815689972602,0.6911729800049216,0.14018255803966895,0.008415683987550437,True,,0.005823771158854167,70.47876059535365,0.9999611872071901,1,0.0174713134765625,0.005823771158854167,True,110634,1.4776545490021817,0.03564453125,0.015625,,,0,0
